CLIENT_VAT;TIMO_ID;AT_KM;CZ_KM;DE_KM;EE_KM;HU_KM;LT_KM;LV_KM;PL_KM;SE_KM;SK_KM;COMPANY_LP;ADRESS_LP;COD_LP;CITY_LP;LATITUDE_LP;LONGTITUDE_LP;START_LOAD_DATA;START_LOAD_TIME;END_LOAD_DATA;END_LOAD_TIME;COMPANY_DP;ADRESS_DP;COD_DP;CITY_DP;LATITUDE_DP;LONGTITUDE_DP;START_DELIVERY_DATA;START_DELIVERY_TIME;END_DELIVERY_DATA;END_DELIVERY_TIME;VEHICLE_TYPE;BODY_TYPE;LOAD_UNLOAD_METHOD;EPALE;GOODS_TYPE;TEMP_MIN;TEMP_MAX;EURO;LDM;M3;HEIGHT;WIDTH;TONS;REQUIREMENTS;OTHER_COSTS;QTY_LOADS;QTY_DELIVERIES;SOURCE;PAYMENT TERM;DOCUMENTS_BY;CARGO_VALUE_EURO;CUSTOMS;TIME_OF_ENTRY
;;;169.30;;;;;;;;74.00;;;CZ57001;;;;31.03.2021;16:00;31.03.2021;;;;SK82106;;;;01.04.2021;8:00;01.04.2021;8:00;Rigid truck, Articulated truck;Refrigerator;Back;;Other;;;350;13.6;;;;5.999;;;1;1;;;;;;
;;;;;;;;;378.70;;;;;PL66470;;;;01.04.2021;6:00;01.04.2021;;;;PL49318;;;;02.04.2021;2:00;02.04.2021;2:00;Rigid truck, Articulated truck;Box, Thermo, Tautliner, Mega, Refrigerator, Curtain;Back;;Other;;;324.4014793;13.6;;;;22;;;1;1;;;;;;
;;;206.10;;;;;;164.40;;;;;CZ69123;;;;02.04.2021;6:00;02.04.2021;;;;PL46043;;;;06.04.2021;6:00;06.04.2021;6:00;Rigid truck, Articulated truck;Box, Thermo, Tautliner, Mega, Refrigerator, Curtain;Back;;Other;;;250;13.6;;;;2.3;;;1;1;;;;;;
;;;478.00;;;;;;244.50;;;;;PL98405;;;;06.04.2021;10:00;06.04.2021;;;;CZ39002;;;;07.08.2021;;08.08.2021;;Rigid truck, Articulated truck;Box, Thermo, Tautliner, Mega, Refrigerator, Curtain;Back;;;;;980.456239;13.6;;;;22;;;1;6;;;;;;
;;;382.30;;;;;;136.00;;;;;PL41800;;;;07.04.2021;17:00;07.04.2021;;;;PL41700;;;;08.08.2021;;08.08.2021;;Rigid truck, Articulated truck;Box, Thermo, Tautliner, Mega, Refrigerator, Curtain;Back;;;;;550;13.6;;;;22;;;3;3;;;;;;
;;;;242.60;;;;;251.60;;;;;DE06749;;;;08.04.2021;;08.04.2021;;;;PL57500;;;;09.04.2021;;13.04.2021;;Rigid truck, Articulated truck;Tautliner, Mega, Curtain;Back;;;;;350;13.6;;;;24;;;1;1;;;;;;
;;;;28.60;;;;;473.60;;;;;DE15890;;;;08.04.2021;;08.04.2021;;;;PL00001;;;;09.04.2021;;09.04.2021;;Rigid truck, Articulated truck;Curtain;Back;;;;;400;13.6;;;;24;;;1;1;;;;;;
;;;;233.80;;;;;328.70;;;;;DE07545;;;;08.04.2021;;08.04.2021;;;;PL41700;;;;09.04.2021;;09.04.2021;22:00;Articulated truck;Refrigerator, Curtain;Back;;;;;700;13.6;;;;10;;;1;1;;;;;;
;;;;640.30;;;;;397.80;;;;;DE44787;;;;08.04.2021;;08.04.2021;;;;PL43300;;;;08.04.2021;;08.04.2021;;Rigid truck, Articulated truck;Curtain;Back;;;;;1400;13.6;;;;24;;;1;1;;;;;;
;;;;353.40;;;;;380.50;;;;;DE99755;;;;08.04.2021;;08.04.2021;;;;PL43410;;;;09.04.2021;;09.04.2021;;Rigid truck, Articulated truck;Curtain;Back;;;;;550;13.6;;;;10;;;1;1;;;;;;
;;;146.10;141.40;;;;;;;;;;CZ25163;;;;08.04.2021;;08.04.2021;;;;DE04347;;;;09.04.2021;;09.04.2021;;Rigid truck, Articulated truck;Box, Thermo, Tautliner, Mega, Refrigerator, Curtain;Back;;;;;380;13.6;;;;15;;;1;1;;;;;;
;;;;;;;;;682.10;107.70;;;;PL43150;;;;09.04.2021;20:00;09.04.2021;;;;SE26538;;;;12.04.2021;8:00;12.04.2021;8:00;Rigid truck, Articulated truck;Refrigerator;Back;;;;;1570;13.6;;;;22.5;;-298;1;1;;;;;;
;;;381.00;81.50;;;;;;;131.30;;;DE01623;;;;09.04.2021;;09.04.2021;;;;SK92601;;;;12.04.2021;6:00;12.04.2021;12:00;Rigid truck, Articulated truck;Refrigerator;Back;;;;;600;13.6;;;;21.75;;;1;1;;;;;;
;;;;686.60;;;;;36.40;;;;;PL59800;;;;09.04.2021;;09.04.2021;;;;DE53881;;;;12.04.2021;;13.04.2021;;Rigid truck, Articulated truck;Thermo, Curtain;Back;;;;;750;13.6;;;;18;;;1;1;;;;;;
;;;;620.80;;;;;174.10;;;;;PL67100;;;;09.04.2021;;10.04.2021;;;;DE86470;;;;12.04.2021;;12.04.2021;;Rigid truck, Articulated truck;Thermo, Tautliner, Refrigerator, Curtain;Back;;;;;850;13.6;;;;15;;;1;1;;;;;;
;;;;586.40;;;;;339.10;;;;;DE64283;;;;09.04.2021;;09.04.2021;;;;PL40001;;;;12.04.2021;;12.04.2021;;Rigid truck, Articulated truck;Thermo, Refrigerator, Curtain;Back;;;;;700;13.6;;;;20;;;1;1;;;;;;
;;;;391.70;;;;;365.00;;;;;DE38685;;;;09.04.2021;;09.04.2021;;;;PL41100;;;;12.04.2021;;12.04.2021;;Rigid truck, Articulated truck;Curtain;Back;;;;;500;13.6;;;;24;;;1;1;;;;;;
;;;;615.90;;;;;178.30;;;;;PL62023;;;;09.04.2021;;09.04.2021;;;;DE94315;;;;13.04.2021;;13.04.2021;;Rigid truck, Articulated truck;Thermo, Curtain;Back;;;;;820;13.6;;;;22;;;1;1;;;;;;
;;;;469.40;;;;;174.10;;;;;PL67100;;;;09.04.2021;;10.04.2021;;;;DE97199;;;;12.04.2021;;12.04.2021;;Rigid truck, Articulated truck;Thermo, Tautliner, Refrigerator, Curtain;Back;;;;;700;13.6;;;;15;;;1;1;;;;;;
;;;;571.60;;;;;279.80;;;;;DE26954;;;;09.04.2021;14:30;09.04.2021;14:30;;;PL47316;;;;12.04.2021;8:00;13.04.2021;16:00;Rigid truck, Articulated truck;Curtain;Back;;;;;800;13.6;;;;24.7;;;1;1;;;;;;
;;;70.20;;;;;;167.90;;188.30;;;SK90301;;;;12.04.2021;8:00;12.04.2021;;;;PL42224;;;;13.04.2021;8:00;13.04.2021;15:00;Rigid truck, Articulated truck;Box, Coil trough, Thermo, Tautliner, Mega, Refrigerator, Curtain;Back;;;;;240;13.6;;;;15;;;1;1;;;;;;
;;;;;;;;;594.30;;;;;PL72300;;;;12.04.2021;8:00;13.04.2021;;;;PL87400;;;;14.04.2021;;14.04.2021;;Rigid truck, Articulated truck;Refrigerator;Back;;;;;450;13.6;;;;22.5;;;1;3;;;;;;
;;;;495.30;;;;;178.30;;;;;PL62023;;;;12.04.2021;;12.04.2021;;;;DE91330;;;;13.04.2021;;13.04.2021;;Rigid truck, Articulated truck;Thermo, Curtain;Back;;;;;820;13.6;;;;22;;;1;1;;;;;;
;;;;299.60;;;;;;;;;;DE33106;;;;12.04.2021;;12.04.2021;;;;DE97318;;;;12.04.2021;;12.04.2021;;Articulated truck;Flatbed truck;Back;;;;;600;13.6;;;;10.57;;;1;1;;;;;;
;;;38.70;;;;;;282.90;;;;;PL42512;;;;13.04.2021;12:00;13.04.2021;;;;CZ50312;;;;14.04.2021;7:00;14.04.2021;7:00;Rigid truck, Articulated truck;Refrigerator;Back;;;;;425;13.6;;;;10;;;1;1;;;;;;
;;;;518.80;;;;;351.10;;;;;DE74423;;;;14.04.2021;;14.04.2021;;;;PL41200;;;;15.04.2021;;15.04.2021;;Rigid truck, Articulated truck;Curtain;Back;;;;;550;13.6;;;;22;;;1;1;;;;;;
;;;168.90;;;;;;;;75.00;;;CZ56802;;;;14.04.2021;;14.04.2021;;;;SK83103;;;;15.04.2021;6:30;15.04.2021;7:00;Rigid truck, Articulated truck;Box, Coil trough, Thermo, Tautliner, Mega, Refrigerator, Curtain;Back;;;;;330;13.6;;;;15;;;1;1;;;;;;
;;;203.30;;;;;;32.50;;;;;CZ69701;;;;15.04.2021;;15.04.2021;;;;PL44240;;;;16.04.2021;;16.04.2021;;Rigid truck, Articulated truck;Box, Coil trough, Thermo, Tautliner, Mega, Refrigerator, Curtain;Back;;;;;164.6469968;13.6;;;;22;;;1;1;;;;;;
;;;70.70;;;;;;338.20;;140.80;;;PL99300;;;;15.04.2021;10:00;15.04.2021;;;;SK03101;;;;16.04.2021;8:00;16.04.2021;15:30;Rigid truck, Articulated truck;Refrigerator;Back;;;;;650;13.6;;;;22;;;1;1;;;;;;
;;;;;;;;;25.00;;;;;PL44240;;;;16.04.2021;;16.04.2021;;;;PL43215;;;;16.04.2021;;16.04.2021;;Rigid truck, Articulated truck;Box, Coil trough, Thermo, Tautliner, Mega, Refrigerator, Curtain;Back;;;;;54.88233228;13.6;;;;22;;;1;1;;;;;;
;;;47.10;;;;;;582.90;107.70;;;;CZ74773;;;;16.04.2021;14:00;16.04.2021;;;;SE26538;;;;19.04.2021;7:00;19.04.2021;13:00;Rigid truck, Articulated truck;Refrigerator;Back;;;;;1450;13.6;;;;22.5;;;1;1;;;;;;
;;;245.90;;;;;;320.10;;;;;PL43608;;;;20.04.2021;;20.04.2021;;;;CZ26901;;;;20.04.2021;13:00;20.04.2021;13:00;Rigid truck, Articulated truck;Box, Coil trough, Thermo, Tautliner, Mega, Refrigerator, Curtain;Back;;;;;600;13.6;;;;18;;;1;1;;;;;;
;;;92.60;373.00;;;;;18.80;;;;;PL70651;;;;20.04.2021;8:00;20.04.2021;;;;CZ27801;;;;21.04.2021;7:00;21.04.2021;11:00;Rigid truck, Articulated truck;Refrigerator;Back;33;Frozen Food;-22;-22;500;13.6;;;;22.5;;;1;1;;;;;;
;;;147.60;;;;;;530.70;;;;;CZ19821;;;;21.04.2021;6:00;21.04.2021;;;;PL07202;;;;22.04.2021;;22.04.2021;;Rigid truck, Articulated truck;Box, Coil trough, Thermo, Tautliner, Mega, Refrigerator, Curtain;Back;0;Drinks;;;400;13.6;;;;22.5;;;1;1;;;;;;
;;;;;;;;;432.40;;377.30;;;PL17300;;;;22.04.2021;;22.04.2021;;;;SK99128;;;;26.04.2021;;26.04.2021;;Rigid truck, Articulated truck;Refrigerator;Back;32;Frozen Food;-22;-22;950;13.6;;;;20;;;1;1;;;;;;
;;;217.30;;;;;;647.60;;;;;CZ26901;;;;22.04.2021;4:00;22.04.2021;;;;PL21100;;;;23.04.2021;11:00;23.04.2021;11:00;Rigid truck, Articulated truck;Box, Coil trough, Thermo, Tautliner, Mega, Refrigerator, Curtain;Back;0;;;;550;13.6;;;;9;;;1;1;;;;;;
;;;;;;;;;821.80;833.60;;;;PL43392;;;;07.09.2020;12:00;07.09.2020;;;;SE921 92;;;;10.09.2020;10:00;10.09.2020;10:00;Rigid truck, Articulated truck;Box, Coil trough, Thermo, Tautliner, Mega, Refrigerator, Curtain;Back;0;;;;2400;13.6;;;;8.5;;-643;1;1;;;;;;
;;;;;;;;;;975.10;;;;SE91831;;;;10.09.2020;;10.09.2020;;;;SE57002;;;;11.09.2020;;11.09.2020;;Rigid truck, Articulated truck;Box, Coil trough, Thermo, Tautliner, Mega, Refrigerator, Curtain;Back;0;;;;550;13.6;;;;25;;;1;1;;;;;;
;;;;;;;;;354.90;166.90;;;;SE57402;;;;14.09.2020;13:00;14.09.2020;13:00;;;PL92410;;;;16.09.2020;7:45;16.09.2020;7:45;Rigid truck, Articulated truck;Box, Coil trough, Thermo, Tautliner, Mega, Refrigerator, Curtain;Back;0;;;;400;13.6;;;;22;;-468;1;1;;;;;;
;;;;;;;;;204.80;;;;;PL93231;;;;16.09.2020;;16.09.2020;;;;PL44102;;;;17.09.2020;;17.09.2020;;Rigid truck, Articulated truck;Curtain;Back;0;Other;;;142;13.6;;;;23.8;;;1;1;;;;;;
;;;;;;;;;727.10;415.40;;;;PL43378;;;;18.09.2020;;18.09.2020;;;;SE53237;;;;22.09.2020;;22.09.2020;;Rigid truck, Articulated truck;Box, Coil trough, Thermo, Tautliner, Mega, Refrigerator, Curtain;Back;0;Other;;;1700;13.6;;;;22;;-298;1;1;;;;;;
;;;;;;;;;;492.40;;;;SE55652;;;;23.09.2020;20:00;23.09.2020;22:00;;;SE80291;;;;24.09.2020;5:00;24.09.2020;;Rigid truck, Articulated truck;Box, Coil trough, Thermo, Tautliner, Mega, Refrigerator, Curtain;Back;0;Other;;;560;13.6;;;;22;;;1;1;;;;;;
;;;;;;;;;;895.00;;;;SE82041;;;;24.09.2020;;24.09.2020;;;;SE26494;;;;25.09.2020;;25.09.2020;;Rigid truck, Articulated truck;Box, Coil trough, Tautliner, Mega, Curtain;Back;0;Other;;;575;13.6;;;;24;;;1;1;;;;;;
;;;;;;;;;183.70;182.80;;;;SE24193;;;;29.09.2020;7:00;29.09.2020;9:00;;;PL87162;;;;29.09.2020;8:00;29.09.2020;15:00;Rigid truck, Articulated truck;Box, Coil trough, Tautliner, Mega, Curtain;Back;0;Other;;;297;13.6;;;;24.8;;-298;1;1;;;;;;
;;;18.40;;;;;;442.90;;;;;PL09300;;;;29.09.2020;8:00;29.09.2020;14:00;;;CZ73301;;;;30.09.2020;6:00;30.09.2020;22:00;Rigid truck, Articulated truck;Box, Coil trough, Tautliner, Mega, Curtain;Back;0;Other;;;328;13.6;;;;22;;;1;1;;;;;;
;;;;469.40;;;;;364.40;;;;;PL43150;;;;26.10.2020;15:30;26.10.2020;15:30;;;DE97199;;;;27.10.2020;20:00;27.10.2020;20:00;Rigid truck, Articulated truck;Refrigerator;Back;0;Yoghurt;1;5;950;13.6;;;;23.5;;;1;1;;;;;;
;;;381.00;52.70;;;;;;;50.20;;;DE01665;;;;23.10.2020;3:00;23.10.2020;5:00;;;SK90055;;;;23.10.2020;;23.10.2020;12:30;Rigid truck, Articulated truck;Box, Coil trough, Tautliner, Mega, Curtain;Back;0;Other;;;600;13.6;;;;7;;;1;1;;;;;;
;;;;469.40;;;;;364.40;;;;;PL43150;;;;02.11.2020;12:30;02.11.2020;12:30;;;DE97199;;;;03.11.2020;9:00;03.11.2020;9:00;Rigid truck, Articulated truck;Refrigerator;Back;0;Yoghurt;1;5;950;13.6;;;;23.5;;;1;1;;;;;;
;;;;146.80;;;;;446.40;;;;;DE12057;;;;13.11.2020;11:00;13.11.2020;13:00;;;PL31982;;;;16.11.2020;10:00;16.11.2020;10:00;Rigid truck, Articulated truck;Box, Coil trough, Tautliner, Mega, Curtain;Back;0;Other;;;340;13.6;;;;20;;;1;1;;;;;;
;;;;281.50;;;;;623.00;;;;;DE06667;;;;04.12.2020;7:00;04.12.2020;15:00;;;PL21560;;;;07.12.2020;;07.12.2020;;Rigid truck, Articulated truck;Box, Coil trough, Tautliner, Mega, Curtain;Back;0;Other;;;550;13.6;;;;22;;;1;1;;;;;;
;;;;469.40;;;;;364.40;;;;;PL43150;;;;07.12.2020;12:00;07.12.2020;12:00;;;DE97199;;;;08.12.2020;19:00;08.12.2020;19:00;Rigid truck, Articulated truck;Refrigerator;Back;0;Yoghurt;1;5;950;13.6;;;;23.5;;;1;1;;;;;;
;;;;572.10;;;;;;;;;;DE28237;;;;12.06.2018;12:00;12.06.2018;14:00;;;DE67480;;;;13.06.2018;6:00;13.06.2018;19:00;Rigid truck, Articulated truck;Coil trough;Top;0;Steel;;;570;13.6;;;;20.765;;;1;1;;;;;;
;;;;591.30;;;;;366.70;;;;;PL41308;;;;04.01.2019;7:00;04.01.2018;7:00;;;DE89231;;;;08.01.2018;7:00;08.01.2018;13:00;Rigid truck, Articulated truck;Coil trough, Tautliner, Mega, Curtain;Top;0;Steel;;;950;13.6;;;;19.924;;;1;1;;;;;;
;;;83.30;154.10;;;;;415.60;;;;;PL30001;;;;27.08.2018;10:00;27.08.2018;10:00;;;CZ27324;;;;28.08.2018;7:00;28.08.2018;15:00;Rigid truck, Articulated truck;Coil trough;Top;0;Steel;;;570;13.6;;;;24;;;1;1;;;;;;
;;;;539.50;;;;;375.50;;;;;PL41303;;;;07.01.2019;7:00;07.01.2019;21:00;;;DE73457;;;;08.01.2019;7:00;08.01.2019;15:00;Rigid truck, Articulated truck;Coil trough, Tautliner, Mega, Curtain;Top;0;Steel;;;800;13.6;;;;24;;;1;1;;;;;;
;;;;634.60;;;;;;;;;;DE66424;;;;27.08.2018;7:00;27.08.2018;15:00;;;DE21107;;;;28.08.2018;7:00;28.08.2018;14:00;Rigid truck, Articulated truck;Coil trough, Tautliner, Mega, Curtain;Top;0;Steel;;;750;13.6;;;;22.075;;;1;1;;;;;;
;;;;616.50;;;;;;;;;;DE71254;;;;11.05.2018;13:00;11.05.2018;13:00;;;DE26135;;;;14.05.2018;;14.05.2018;5:00;Rigid truck, Articulated truck;Box;Back;0;Other;;;450;13.6;;;;22;;;1;1;;;;;;
;;;;573.00;;;;;;;;;;DE84489;;;;19.07.2018;13:00;19.07.2018;14:00;;;DE34587;;;;20.07.2018;7:00;20.07.2020;14:00;Rigid truck, Articulated truck;Box, Coil trough, Tautliner, Mega, Curtain;Back;0;Other;;;580;13.6;;;;15.602;;;1;1;;;;;;
;;;197.90;332.90;;;;;;;;;;DE64823;;;;22.06.2018;13:00;22.06.2018;16:00;;;CZ25101;;;;25.06.2018;8:00;25.06.2018;12:00;Rigid truck, Articulated truck;Box, Coil trough, Tautliner, Mega, Curtain;Back;0;Other;;;450;13.6;;;;23;;;1;1;;;;;;
;;;;253.30;;;;;428.20;;;;;DE39288;;;;19.07.2018;;19.07.2018;;;;PL42300;;;;23.07.2018;;23.07.2018;;Rigid truck, Articulated truck;Coil trough, Tautliner, Mega, Curtain;Side, Top;0;Other;;;408.2;13.6;;;;24.012;;;1;1;;;;;;
;;;;319.90;;;;;440.20;;;;;DE19357;;;;07.05.2018;;07.05.2018;;;;PL30319;;;;07.05.2018;8:00;07.05.2018;8:00;Rigid truck, Articulated truck;Coil trough, Tautliner, Mega, Curtain;Side, Top;0;Other;;;580;13.6;;;;24;;;1;1;;;;;;
;;;70.20;;;;;;167.90;;205.80;;;SK90301;;;;12.04.2021;8:00;12.04.2021;15:00;;;PL42224;;;;13.04.2021;8:00;13.04.2021;15:00;Rigid truck, Articulated truck;Box, Coil trough, Tautliner, Mega, Curtain;Back;0;Other;;;240;13.6;;;;15;;;1;1;;;;;;
;;;275.30;119.90;;;;;;;;;;CZ25090;;;;28.04.2021;;28.04.2021;;;;DE99867;;;;29.04.2021;;29.04.2021;;Rigid truck, Articulated truck;Tautliner;Side, Back,;0;Other;;;600;13.6;;;;24;;;1;1;;;;;;
;;;;518.80;;;;;405.50;;;;;DE35510;;;;26.04.2021;;26.04.2021;;;;PL97300;;;;27.04.2021;;28.04.2021;;Rigid truck, Articulated truck;Tautliner;Side, Back,;0;Other;;;650;13.6;;;;15;;;1;1;;;;;;
;;;145.60;;;;;;231.80;;;;;CZ68603;;;;27.04.2021;;27.04.2021;;;;PL50075;;;;28.04.2021;;28.04.2021;;Rigid truck, Articulated truck;Tautliner;Side, Back,;0;Other;;;250;13.6;;;;24;;;1;1;;;;;;
;;;;238.30;;;;;213.40;;;;;PL63025;;;;26.04.2021;;26.04.2021;;;;DE01662;;;;27.04.2021;;27.04.2021;;Rigid truck, Articulated truck;Tautliner, Refrigerator, Curtain;Back;0;Other;;;450;13.6;;;;14;;;1;1;;;;;;
;;;340.60;;;;;;150.40;;;;;PL41300;;;;27.04.2021;;29.04.2021;;;;CZ19017;;;;28.04.2021;;30.04.2021;;Rigid truck, Articulated truck;Tautliner, Refrigerator, Curtain;Side, Back,;0;Other;;;580;13.6;;;;24;;;1;1;;;;;;
;;;;;;;;;682.10;107.70;;;;PL43150;;;;30.04.2021;10:30;30.04.2021;10:30;;;SE26538;;;;04.05.2021;8:00;04.05.2021;8:00;Rigid truck, Articulated truck;Refrigerator;Back;0;Yoghurt;2;6;1570;13.6;;;;22.5;;-300;1;1;;;;;;
;;;197.50;;;;;;601.10;;36.40;;;PL70651;;;;05.05.2021;7:00;05.05.2021;16:00;;;SK91501;;;;07.05.2021;7:00;07.05.2021;16:00;Rigid truck, Articulated truck;Refrigerator;Back;22;Frozen Food;-18;-18;880;13.6;;;;14;;;1;1;;;;;;
;;;70.20;;;;;;386.90;;205.80;;;SK90301;;;;06.05.2021;;06.05.2021;15:00;;;PL62080;;;;07.05.2021;;07.05.2021;;Rigid truck, Articulated truck;Refrigerator;Back;0;Food;4;20;500;13.6;;;;22;;;1;1;;;;;;
;;;;;;;;;429.60;;;;;PL62052;;;;07.05.2021;;05.05.2021;23:00;;;PL32085;;;;10.05.2021;8:30;05.05.2021;8:30;Rigid truck, Articulated truck;Box, Thermo, Tautliner, Mega, Refrigerator, Curtain;Back;0;Food;;;272.9257642;13.6;;;;22;;;1;1;;;;;;
;;;303.70;;;;;;204.70;;;;;PL40386;;;;10.05.2021;17:30;07.05.2021;17:30;;;CZ25267;;;;11.05.2021;16:00;11.05.2021;16:00;Rigid truck, Articulated truck;Refrigerator;Back;0;Margarine;2;7;600;13.6;;;;22;;;1;1;;;;;;
;;;139.50;;;;;;530.80;328.80;;;;CZ25101;;;;14.05.2021;15:00;14.05.2021;15:00;;;SE44361;;;;17.05.2021;13:00;17.05.2021;13:00;Rigid truck, Articulated truck;Thermo, Refrigerator;Back;0;Other;15;15;1500;13.6;;;;22;;-300;1;1;;;;;;
;;;;;;;;;263.10;;;;;PL72602;;;;18.05.2021;8:00;18.05.2021;10:00;;;PL89620;;;;18.05.2021;8:00;18.05.2021;20:00;Rigid truck, Articulated truck;Refrigerator;Back;0;Frozen Fish;-20;-18;242.8256071;13.6;;;;22;;;1;1;;;;;;
;;;;;;;;;138.90;;;;;PL85846;;;;19.05.2021;10:00;19.05.2021;10:00;;;PL61017;;;;19.05.2021;21:00;19.05.2021;21:00;Rigid truck, Articulated truck;Tautliner, Frigo, Box;Back;0;Other;;;160;13.6;;;;16.5;;;1;1;;;;;;
;;;;;;;;;228.80;;;;;PL62080;;;;20.05.2021;6:00;20.05.2021;6:00;;;PL30740;;;;20.05.2021;14:00;20.05.2021;14:00;Rigid truck, Articulated truck;Box, Thermo, Tautliner, Mega, Refrigerator, Curtain;Back;17;Food;;;305.3097345;13.6;;;;13;;;1;1;;;;;;
;;;204.70;;;;;;229.00;;;;;PL44100;;;;24.05.2021;9:00;24.05.2021;9:00;;;CZ25267;;;;25.05.2021;8:00;25.05.2021;8:00;Rigid truck, Articulated truck;Refrigerator;Back;0;Margarine;7;7;580;13.6;;;;21;;;1;1;;;;;;
;;;139.50;;;;;;530.80;328.80;;;;CZ25101;;;;25.05.2021;14:00;25.05.2021;14:00;;;SE44361;;;;27.05.2021;10:00;27.05.2021;10:00;Rigid truck, Articulated truck;Refrigerator;Back;0;Other;15;18;1500;13.6;;;;22;;-300;1;1;;;;;;
;;;;;;;;;316.50;309.10;;;;PL72100;;;;27.05.2021;9:00;27.05.2021;12:00;;;SE43533;;;;31.05.2021;8:00;31.05.2021;15:00;Rigid truck, Articulated truck;Tautliner, Refrigerator;Back;0;Wallpapers;;;1300;13.6;;;;5.754;;-300;1;1;;;;;;
;;;;;;;;;276.60;303.70;;;;PL78300;;;;01.06.2021;12:00;01.06.2021;14:00;;;SE40126;;;;03.06.2021;8:00;03.06.2021;15:00;Rigid truck, Articulated truck;Refrigerator;Back;;Frozen Food;-28;-21;1300;13.6;;;;22;;-300;1;1;;;;;;
;;;;;;;;;403.10;;;;;PL78650;;;;03.06.2021;11:00;03.06.2021;11:00;;;PL59222;;;;04.06.2021;10:45;04.06.2021;10:45;Rigid truck, Articulated truck;Tautliner;Back;;Water;;;279.6420582;13.6;;;;20.33;;;1;1;;;;;;
;;;204.70;;;;;;303.60;;;;;PL40386;;;;14.06.2021;;14.06.2021;15:52;;;CZ25267;;;;15.06.2021;15:52;15.06.2021;;Rigid truck, Articulated truck;Refrigerator;Back;;Margarine;2;7;600;13.6;;;;22;;;1;1;;;;;;
;;;275.30;;;;;;;;451.90;;;CZ16000;;;;16.06.2021;8:00;16.06.2021;14:00;;;SK98414;;;;17.06.2021;8:00;17.06.2021;14:00;Rigid truck, Articulated truck;Refrigerator;Back;;Frozen;-20;-20;600;13.6;;;;22;;;1;2;;;;;;
;;;47.10;;;;;;582.90;107.70;;;;CZ74773;;;;22.06.2021;21:00;22.06.2021;21:00;;;SE26538;;;;25.06.2021;7:00;25.06.2021;13:00;Rigid truck, Articulated truck;Refrigerator;Back;;Bisquits;11;19;1450;13.6;;;;22.5;;-300;1;1;;;;;;
;;;;;;;179.00;;889.80;;;;;PL73110;;;;25.06.2021;;25.06.2021;;;;LT21401;;;;28.06.2021;;28.06.2021;;Rigid truck, Articulated truck;Tautliner, Refrigerator;Back;;;;;800;13.6;;;;19;;;1;1;;;;;;
;;;;;;;169.20;;577.80;;;;;LT25121;;;;28.06.2021;;28.06.2021;;;;PL37111;;;;29.06.2021;;29.06.2021;;Rigid truck, Articulated truck;Tautliner, Refrigerator;Back;;;;;400;13.6;;;;22;;;1;1;;;;;;
;;;123.50;;;;;;593.40;;;BISPOL sp. z o.o;Głuchów 573;PL37100;Łańcut;;;29.06.2021;;29.06.2021;;;;CZ29493;ČACHOVICE;;;30.06.2021;;30.06.2021;;Rigid truck, Articulated truck;Box;Back;;Heaters, refills, candles;;;750;13.6;;;;22;;;1;1;;;;;;
;;;;;195.60;;292.60;202.30;578.70;;;;;PL35234;;;;29.06.2021;;29.06.2021;;;;EE11415;;;;01.07.2021;;01.07.2021;;Rigid truck, Articulated truck;Box;Back;;ICE CREAM;-25;25;1400;13.6;;;;22;;;2;2;;;;;;
;;;15.50;;;;;;474.90;95.50;;KASPER KOVO;Elektrárenská 390;CZ54101;Trutnov;;;30.06.2021;;30.06.2021;;;;SE25218;Helsinborg;;;02.07.2021;;02.07.2021;;Rigid truck, Articulated truck;Box, Refrigerator;Back;;;;;1400;13.6;;;;22;;;1;1;;60;;;;
;;;102.60;;;;;;261.30;;;Aryzta;Piekarnicza 2;PL58150;Piekarnicza 2;;;01.07.2021;;01.07.2021;;KAUFLAND;Tynecka 65;CZ77900;Olomouc;;;01.07.2021;;01.07.2021;;Rigid truck, Articulated truck;Refrigerator;Back;33;;13;17;400;13.6;;;;22;;;1;1;;60;;;;
;;;182.40;;;;;;287.10;;5.70;Grafobal a.s.;Čulenova 54;SK90901;Skalica;;;02.07.2021;10:00;02.07.2021;10:00;;Sosnowiec-Pienki 14;PL95010;Stryków;;;05.07.2021;;05.07.2021;;Rigid truck, Articulated truck;Box, Thermo, Tautliner, Mega, Refrigerator, Curtain;Back;;;;;340;13.6;;;;22;;;1;1;;60;;;;
;;;;;;;269.50;86.20;362.70;;;JAS-FBG S.A.;Ul. Południowa 2;PL05850;Oltarzew;;;05.07.2021;10:00;05.07.2021;12:00;LIDL Logistic center Riga;Dzelzavas iela 131;LV1084;RIGA;;;06.07.2021;12:00;06.07.2021;12:00;Rigid truck, Articulated truck;Refrigerator;Back;;HIGIENIC ARTICLES;;;650;13.6;;;;22.5;;;1;1;;45;;50000;;
;;;95.70;;;;;;420.40;;;KATOE NATIE POLSKA;INTERMODALNA 3;PL99302;KUTNO;;;24.08.2021;8:00;24.08.2021;8:00;JUTA A.S.;KVETNA 611;CZ54232;UPICE;;;25.08.2021;8:00;25.08.2021;14:00;Rigid truck, Articulated truck;Tautiner, Curtain;Side,;0;GRANULES;;;550;13.6;;;;24;;;1;1;ADAMEX;60;;;;
;;;;;;;;;501.70;;;DOLPOL;MIKOWICE 20;PL57300;KŁODZKO;;;25.08.2021;8:00;25.08.2021;16:00;;;PL09142;ZAŁUSKi;;;26.08.2021;8:00;26.08.2021;16:00;Rigid truck, Articulated truck;Tautiner, Curtain;Side,;0;Lime for whitewashing trees, goods on a pallet;;;413.9433551;13.6;;;;24;;;1;2;ADAMEX;55;;;;
;;;;;;;198.00;;279.90;;;YTONG OSTROLEKA Sp.z.o.o;ul. Ksiedza Antoniego Peksy 16;PL07401;Ostroleka;;;26.08.2021;;26.08.2021;;"UAB ""Ejonas""";Senamiesčio g 107;LT35194;Panevėžys;;;27.08.2021;;27.08.2021;;Rigid truck, Articulated truck;Tautiner, Curtain;Side,;0;hollow bricks;;;440;13.6;;;;24;;;1;1;ADAMEX;45;;;;
;;;;;;;92.50;;609.80;;;UAB MECHEL NEMUNAS                                            ;R. Kalantos g. 83;LT52005;Kaunas ;;;27.08.2021;;30.08.2021;;Complex – Partner ;Dybków 192;PL37530 ;Sieniawa;;;30.08.2021;;30.08.2021;;Rigid truck, Articulated truck;Tautiner, Curtain;Side,;0;;;;430;13.6;;;;24;;;1;1;ADAMEX;45;;;;
PL6442968368;;;13.30;;;;;;534.00;;;Izohan Sp. z o.o.;3 Maja 101;PL38200;Jasło;;;30.08.2021;6:00;30.08.2021;21:00;;;CZ54941;Cerveny Kostelec;;;31.08.2021;7:30;01.09.2021;15:00;Rigid truck, Articulated truck;Tautliner, Curtain;Side,;0;;;;520;13.6;;;;24;;;2;1;ADAMEX;60;;;;
PL5960004844;;;;;;;;;384.70;;;KWS Lochow;ul Długa 1;PL57150;KONDRATOWICE;;;01.09.2021;;01.09.2021;;;;PL73260;Pełczyce;;;02.09.2021;;02.09.2021;;Rigid truck, Articulated truck;Tautliner, Curtain;Side,;0;seeds;;;321.5077605;13.6;;;;24;;;1;1;ADAMEX;30;;;;
PL9231689207;;;;;;;;;431.80;;;ZPU Miedzyrzecz;Zakaszewskiego 4;PL66300;Międzyrzecz;;;02.09.2021;7:00;02.09.2021;13:00;;;PL02285;Warszawa;;;03.09.2021;7:30;03.09.2021;10:00;ARTICULATED TRUCK;CURTAIN;TOP;0;pipes, pipe components;;;332.594235;13.6;;;;24;;;1;1;ADAMEX;60;;;;
PL1182135917;;;;;;;;;274.40;;;Zakład 1 Błonie;ul. Bieniewicka 52;PL05870;BŁONIE;;;03.09.2021;6:00;03.09.2021;22:00;KAUFLAND BYDGOSZCZ II;ul. UL.ERNSTA PETERSONA 4B;PL85862;BYDGOSZCZ;;;06.09.2021;10:00;06.09.2021;10:00;ARTICULATED TRUCK;Thermo, Tautliner, Refrigerator, Curtain;BACK;0;;;;221.72949;13.6;;;;21.48704;;;1;1;ADAMEX;45;;;;
PL9571045101;;;;;;;200.50;;613.90;;;Sweet Sit Gniewkowo;Inowrocławska 9;PL88140;Gniewkowo;;;06.09.2021;6:00;06.09.2021;22:00;;;LT01108;WILNO;;;07.09.2021;;07.09.2021;;ARTICULATED TRUCK;Tautliner, Curtain;Side,;0;furniture;;;700;13.6;;;;24;;;1;3;ADAMEX;55;;;;
LT100006985910;;;184.70;;;;190.10;;721.00;;;"UAB""Antėjas""";Žarijų g. 2A;LT02300;Vilnius;;;10.09.2021;;10.09.2021;12:00;;;CZ75622;Hostalkova;;;13.09.2021;;13.09.2021;;ARTICULATED TRUCK;Tautliner, Curtain;Side,;0;metal;;;750;13.6;;;;24;;;1;1;ADAMEX;35;;;;
PL6040186712;;;;;;;;;897.70;233.30;;MOKATE;STRAŻACKA 48;PL44240;ŻORY;;;13.09.2021;8:00;13.09.2021;14:30;NORDFOOD INT AB;VAGNVÄGEN 7;SE43232;VARBERG;;;16.09.2021;8:00;16.09.2021;12:00;ARTICULATED TRUCK;CURTAIN;Side,;0;CHOCOLATE+COFFE;;;1800;13.6;;;;19.72;;-300;2;1;ADAMEX;55;;;;
LT100008835111;;;;;;;85.60;;754.00;;;magemar polska ltd;bytomska 7;PL70603;szczecin;;;17.09.2021;;17.09.2021;;uag ugnera;mechanizatoriu g.15;LT62182;luksnenai;;;20.09.2021;;20.09.2021;;ARTICULATED TRUCK;Tautliner, Curtain;Side,;0;GRANITE;;;730;13.6;;;;24.5;;;1;2;ADAMEX;45;;;1;
PL5241107908;;;;;;;41.10;;644.90;;;FCA „Arvi fertis“ - Marijampolė;Gamyklų g. 5;LT68081;Marijampolė;;;21.09.2021;7:00;21.09.2021;15:00;Mirosław Jarmusz;Strykowska 25;PL95001;Biała;;;21.09.2021;;22.09.2021;;ARTICULATED TRUCK;Tautliner, Curtain;Side,;0;FERTILIZER;;;388.0266075;13.6;;;;24;;;1;4;ADAMEX;45;;;;
;;;97.10;;;;;;414.60;;;KATOEN NATIE POLSKA SP Z O O;;PL99300;Kutno;;;22.09.2021;15:00;22.09.2021;16:00;Juta A.S. · Zavod 02;3. května 611;CZ54232;Upice;;;23.09.2021;6:00;23.09.2021;14:00;ARTICULATED TRUCK;Tautliner, Curtain;Side,;0;BIG BAGS ON PALLETS;;;450;13.6;;;;23.889;;;1;1;ADAMEX;60;;;;
;;;;;;;269.50;88.90;772.90;;;NTERMINGLASS;Wrocławska 16;PL58308;Wałbrzych;;;23.09.2021;;23.09.2021;;;;LV1010;RIGA;;;27.09.2021;;27.09.2021;;ARTICULATED TRUCK;Tautliner, Curtain;Side, Back,;0;glass microspheres in bags on pallets;;;1075;13.6;;;;24.6;;;1;1;ADAMEX;60;;;;
;;;26.80;;;;267.30;86.00;721.00;;;OOO SEVERSTAL DISTRIBUTION;BRASLAS 24;LV1035;RIGA;;;27.09.2021;;27.09.2021;;EVROMAT A.S ZELEZO HRANICE S.R.O.;U REKY 900;CZ72000;OSTRAVA;;;29.09.2021;;29.09.2021;;ARTICULATED TRUCK;Tautliner, Curtain;Side,;0;STEEL;;;680;13.6;;;;24;;;1;1;ADAMEX;45;;;;
;;;;;;;;;533.90;305.90;;CUKROWNIA;ZYGMUNTOWO 38;PL06450;GLINOJECK;;;15.09.2021;6:00;15.09.2021;22:00;Dagab Göteborg;Exportgatan 14;SE42246;Goteborg;;;17.09.2021;8:00;17.09.2021;15:00;ARTICULATED TRUCK;Tautliner, Curtain;Side, Back,;0;SUGAR ON PALLETS;;;1600;13.6;;;;24;;-300;1;1;ADAMEX;60;;;;
;;;;;;;;;627.70;307.10;;Bakels Sweden AB;von Utfallsgatan 26-30;SE41505;;;;16.09.2021;;16.09.2021;;;;PL05250;Radzymin;;;20.09.2018;;20.09.2018;;ARTICULATED TRUCK;Tautliner, Curtain;Side, Back,;0;SUPLEMENTS DIET;;;500;13.6;;;;21;;-300;1;1;ADAMEX;45;;;;
;;;191.70;;;;;;389.80;;105.70;Tchibo Manufacturing Poland Sp.z o.o.;UL. SLONECZNA 6;PL05270;MARKI;;;20.09.2021;12:00;20.09.2021;12:00;Weindel Logistik Services;DIALNICNA 2;SK90301;SENEC;;;21.09.2018;10:00;21.09.2018;10:00;ARTICULATED TRUCK;Tautliner, Curtain;Side, Back,;0;COFFE;;;640;13.6;;;;24;;;1;1;ADAMEX;30;;;;
;;;209.60;;;;;;;;71.10;SLOVENSKA PLAVBA A PRISTAVY;;SK82109;BRATISLAVA;;;21.09.2021;14:00;21.09.2021;;KADATEC S.R.O.;AREAL OBILIA;CZ25764;ZDISLAVICE;;;22.09.2021;;22.09.2021;;ARTICULATED TRUCK;Tautliner, Curtain;Side, Top;0;BLECHS;;;340;13.6;;;;24;;;1;1;ADAMEX;50;;;;
;;;268.00;;;;269.50;115.30;818.20;;;KRONOSPAN CR, SPOL.S R. O.;NA HRANICI 2361/6;CZ58601;JIHLAVA;;;22.09.2021;;22.09.2021;;KRONOSPAN RIGA;DAUGAVGRIVAS SOSEJA 7B;LV1016;RIGA;;;24.09.2021;;24.09.2021;;ARTICULATED TRUCK;Tautliner, Curtain;Side,;0;WOOD;;;1150;13.6;;;;21.94;;;1;1;ADAMEX;45;;;;
;;;69.00;;;;267.30;91.10;721.00;;;OOO SEVERSTAL DISTRIBUTION;STARTA 11;LV1039;RIGA;;;24.09.2021;8:00;24.09.2021;16:00;GANGELA S.R.O;POD SENKEM 2000;CZ74401;FRENSTAT POD RADHOSTEM;;;27.09.2021;7:00;27.09.2021;14:00;ARTICULATED TRUCK;Tautliner, Curtain;Side,;0;STEEL;;;680;13.6;;;;24;;;1;1;ADAMEX;45;;;;
;;;;259.40;;;;;376.90;;;JBG-2;ul. Gajowa 5;PL43254;WARSZOWICE;;;27.09.2021;17:00;28.09.2021;;Netto - monterzy firmy Schlang;Lychener Str. 25;DE17268;TEMPLIN;;;29.09.2021;8:00;29.09.2021;8:00;ARTICULATED TRUCK;Tautliner, Curtain;Side,;0;;;;810;13.6;;;;6;;;1;1;ADAMEX;21;;;;
;;;24.50;;;;307.80;;728.70;;;LIBERTY Ostrava a.s.;LIBERTY Ostrava a.s.;CZ70702;OSTRAVA - Kunčice;;;29.09.2021;;29.09.2021;;UAB Fabbro. Klasco Terminal;Naujoji Uosto 23 (Warehouse 1),;LT92245 ;Klaipeda;;;01.10.2021;;01.10.2021;;ARTICULATED TRUCK;Tautliner, Curtain;TOP;0;STEEL;;;1000;13.6;;;;24.5;;;1;1;ADAMEX;60;;;;
;;;92.70;154.10;;;303.50;;854.60;;;"UAB ""Neo Group""";Industrijos.g 2;LT95345;Rimkų k;;;04.10.2021;;04.10.2021;;;;CZ27601;Melnik;;;06.10.2021;;06.10.2021;;ARTICULATED TRUCK;Tautliner, Curtain;Side, Back,;0;GRANULAT IN BIG BAG;;;910;13.6;;;;24;;;1;1;ADAMEX;14;;;;
PL1230959072;;;135.70;;;;;;759.50;;;Pelmi Logistic Services s.r.o.;Lukavecká 1732;CZ19300;Praha;;;07.10.2021;;07.10.2021;;P.P.H. FOLPAK BARANOWSKI A. i T. s.c.;ul. Łąkowa 26;PL19300;Ełk;;;11.10.2021;;11.10.2021;;ARTICULATED TRUCK;Tautliner, Curtain;Side, Back,;0;HDPE Lukor HXF 4810 H (1000 kg);;;650;13.6;;;;21.15;;;1;1;ADAMEX;30;;;;
PL7611468701;;;;;;;;;322.90;;;GRUPA SILIKATY tel(87 423 33 11 );Nidzka 13;PL12200;Pisz;;;11.10.2021;15:00;11.10.2021;15:00;Budowa Firmy EUROSTYL PERSPEKTYWA;UL. POWSTAŃCÓW WARSZAWSKICH 23;PL80152;GDAŃSK;;;12.10.2021;;12.10.2021;;ARTICULATED TRUCK;Tautliner, Curtain;Side, Back,;0;BRICK;;;239;13.6;;;;24;;;1;1;ADAMEX;60;;;;
PL9231689207;;;226.80;;;;;;588.80;;;DEKPOL SPÓŁKA AKCYJNA;ul. Gajowa 31;PL83251;Pinczyn;;;12.10.2021;7:00;12.10.2021;15:00;ATT Dist Centre, Josef Vondracek S.R.O., Doosan EMEA Distribution Centre;Haje 131;CZ26101;Pribram;;;13.10.2021;;13.10.2021;;ARTICULATED TRUCK;Tautliner, Curtain;Side,;0;MACHINE PARTS;;;870;13.6;;;;14;;;1;1;ADAMEX;60;;;;
LT355849917;;;249.10;;;;189.10;;818.20;;;T HL – LUNA, a.s.;C128 Třebušická;CZ43401;Most;;;14.10.2021;;14.10.2021;16:00;Vilkrit is;Granito g. 7;LT02300;Vilniaus m. sav..;;;18.10.2021;;18.10.2021;16:00;ARTICULATED TRUCK;Tautliner, Curtain;Side, Back,;0;;;;950;13.6;;;;24;;;1;1;ADAMEX;45;;;;
LT100002407511;;;;;;347.20;196.10;;684.00;;157.40;Amber Paper;;LT14245;Skrudenai;;;18.10.2021;;18.10.2021;;Pille-Hungaria Zrt.;Nap u 1/BSolt;HU6320;;;;20.10.2021;;21.10.2021;;ARTICULATED TRUCK;Tautliner, Curtain;Side, Back,;0;;;;1330;13.6;;;;24;;;1;1;ADAMEX;45;;;;
LT100004917814;;;;;;256.20;83.40;;683.60;;153.50;Coca-cola HBC Hungary Ltd;Nemedi ut 104;HU2330;DUNAHARASZTI;;;21.10.2021;;21.10.2021;;Coca cola HBC Lietuva;Vasario 16-osios g. 42 (Lozoraicio 43a), ;LT53216;GARLIAVA,;;;25.10.2021;;25.10.2021;;ARTICULATED TRUCK;TAUTLINER;BACK;0;DRINKS;;;870;13.6;;;;23.834;;;1;1;ADAMEX;30;;;;
LT100002783011;;;70.70;;;;132.50;;755.70;;287.40;Achema AB;;LT55296;Jonavos;;;25.10.2021;;25.10.2021;;MJM Agro Slovakia, s.r.o.;Jurská cesta 8;SK93401;Levice;;;27.10.2021;;27.10.2021;;ARTICULATED TRUCK;Tautliner, Curtain;Side, Back,;0;;;;830;13.6;;;;24;;;1;1;ADAMEX;45;;;;
;;;;6.10;;;192.80;;900.10;;;Werk Schwedt Süd;Kuhheide 34;DE16303;Schwedt/Oder;;;29.09.2021;;29.09.2021;;Didneriai UAB;V.A.GRAICIUNO G. 38;LT02241;VILNIUS;;;01.10.2021;;01.10.2021;;ARTICULATED TRUCK;Tautliner, Curtain;Side, Back,;;;;;850;13.6;;;;24;;;1;1;ADAMEX;45;;;;
LT355849917;;;;;;;196.70;;989.10;;;Ferogama;Agrast u 2, magazyn numer 2 f irma B group;LT01108;Vilnius;;;04.10.2021;;04.10.2021;;;;PL72602;Swinoujscie;;;06.10.2021;;06.10.2021;;ARTICULATED TRUCK;Tautliner, Curtain;Side, Back,;;METAL;;;750;13.6;;;;24;;;1;1;ADAMEX;45;;;;
DE314559060;;;108.70;350.30;;;;;;;;LEIPA;An der Kuhheide 34;DE16303;Schwedt;;;06.10.2021;6:00;06.10.2021;19:00;;;CZ10000;PRAHA;;;07.10.2021;8:00;07.10.2021;15:00;ARTICULATED TRUCK;Tautliner, Curtain;Side,;;Paper rolls 2,55 high;;;650;13.6;;;;24;;;1;1;ADAMEX;30;;;;
LV40103770892;;;178.60;;;;289.60;48.80;818.20;;;METAL TRADE COMAX, A.S.;VELVARY 420;CZ27324;VELVARY;;;07.10.2021;7:00;07.10.2021;16:00;SIA TENAX PANEL;LAUKU IELA 23;LV3701;DOBELE;;;11.10.2021;;11.10.2021;;ARTICULATED TRUCK;Tautliner, Curtain;Side, Back,;;METAL ON PALLETS;;;1100;13.6;;;;24;;;1;1;ADAMEX;40;;;;
PL7181856144;;;;;;;309.90;;454.50;;;UAB LAVEKSA;Jankunu kaim. Jonisko, raj. Tyrelio 8;LT84280;Joniskis;;;11.10.2021;;11.10.2021;;tadeusz pałka;stok 105;PL24130;końskowola;;;12.10.2021;;12.10.2021;;ARTICULATED TRUCK;Tautliner, Curtain;Side, Back,;;OTHER;;;368.7635575;13.6;;;;24;;;1;2;ADAMEX;45;;;;
PL8111001544;;;;;;;190.50;;460.50;;;SITI-POL ;NAPĘDOWA 4;PL26625;MILEJOWICE;;;13.10.2021;8:00;13.10.2021;13:00;DSV LITHUANIA UAB;STASYLU 21;LT02241;VILNIUS;;;14.10.2021;;14.10.2021;;ARTICULATED TRUCK;Tautliner, Curtain;Side, Back,;;MACHINE PARTS;;;680;13.6;;;;24;;;1;1;ADAMEX;45;;;;
LT355849917;;;249.10;;;;189.10;;818.20;;;KROVLADA SANDĖLYS VILNIUS;Panerių g. 56;LT03160;;;;14.10.2021;;14.10.2021;16:00;T HL – LUNA, a.s.;C128 Třebušická;CZ43401;Most;;;18.10.2021;;18.10.2021;;ARTICULATED TRUCK;Tautliner, Curtain;Side, Back,;;PEAT MOSS;;;900;13.6;;;;24;;;1;1;ADAMEX;30;;;;
LT355849917;;;177.80;;;;114.10;;818.20;;;Vaf o Praha;K Vypichu 1086, Warehouse f acilit y Nr.:19;CZ25219;Rudna u prahy;;;19.10.2021;;19.10.2021;;Kaivana, UAB;Sandraugos 7;LT52102;Kaunas;;;21.10.2021;;21.10.2021;;ARTICULATED TRUCK;Tautliner, Curtain;Side, Back,;;ANIMAL FOOD;;;850;13.6;;;;24;;;1;1;ADAMEX;45;;;;
LT355849917;;;191.70;;;;113.90;;721.00;;;Kaunas Metal, UAB;Chemijosg.27B,;LT51332;Kaunas;;;21.10.2021;;21.10.2021;;Peikko Slovakija;Kralova nad Vahom 660;SK92591;Kralova nad vahom;;;25.10.2021;;25.10.2021;;ARTICULATED TRUCK;Tautliner, Curtain;Side, Back,;;;;;820;13.6;;;;24;;;1;1;ADAMEX;45;;;;
PL5423335986;;;;;;;269.50;112.30;762.00;;295.00;Zeleninarska Spolocnost;Kostolna Pri Dunaji 188;SK90301;Senec;;;26.10.2021;;26.10.2021;;According to CMR;;LV2105;Salas pagasts;;;28.10.2021;;28.10.2021;;ARTICULATED TRUCK;Tautliner, Curtain;Side, Back,;;ONION;;;1150;13.6;;;;24.5;;;1;1;ADAMEX;45;;;;
LT355849917;;;105.80;;;;267.30;86.00;721.00;;;OOO SEVERSTAL DISTRIBUTION;Braslas 24;LV1035;Riga;;;28.10.2021;;28.10.2021;;EXPONO STEELFORCE A.S.;;CZ75053;Prerov;;;02.11.2021;;02.11.2021;;ARTICULATED TRUCK;Tautliner, Curtain;Side, Back,;;;;;930;13.6;;;;24;;;1;1;ADAMEX;45;;;;
EE100478037;;;;;124.50;;269.50;202.30;679.00;;;KENO;Gustawa Eiffel'a 15;PL44109 ;Gliwice;;;02.11.2021;;02.11.2021;;AIRWAVE;Kesk-Sojamäe 7;EE11415;Tallinn;;;04.11.2021;;05.11.2021;;ARTICULATED TRUCK;Tautliner, Curtain;Side, Back,;;;;;1300;13.6;;;;15.21;;;1;1;ADAMEX;14;;;;
PL1130017933;;;;;186.10;;267.30;202.30;790.30;;;AUTO METALL EST AS;VALDEKU 109D;EE11216;TALLINN;;;05.11.2021;;05.11.2021;;CARGOTEC POLAND SP. Z.O.O.;METALOWA 2;PL73102;STARGARD;;;09.11.2021;;09.11.2021;;ARTICULATED TRUCK;Tautliner, Curtain;Side, Back,;;;;;840;13.6;;;;24;;;1;1;ADAMEX;60;;;;
PL8520501327;;;105.60;;;;;;500.10;;;Bulk Cargo Port Szczecin;ul. Gdańska, Bramy wjazdowe nr 1, 2, 3 Nabrzeże Regalica, Magazyn nr 12;PL70661;Szczecin;;;09.11.2021;;09.11.2021;;OP Papirna s.r.o.;Olsany 18;CZ78962;Olsany;;;10.11.2021;;10.11.2021;;ARTICULATED TRUCK;Tautliner, Curtain;Side, Back,;;;;;530;13.6;;;;24;;;1;1;ADAMEX;35;;;;
CZ25200453;;;208.70;;;;;;10.30;;;Arcibiskupské Lesy a statky s.r.o.;;CZ79064;Pila Vápenná;;;10.11.2021;;10.11.2021;;TRADIX UH a.s.;Huštěnovická 2004;CZ68603;Staré Město;;;10.11.2021;;11.11.2021;;ARTICULATED TRUCK;Tautliner, Curtain;Side, Back,;;;;;320;13.6;;;;24;;;1;1;ADAMEX;55;;;;
CZ27552390;;;172.40;;;;;;;;298.40;;;CZ56802;;;;11.11.2021;;11.11.2021;15:00;;;SK04001;;;;12.11.2021;7:00;12.11.2021;8:00;ARTICULATED TRUCK;Tautliner, Curtain;Side, Back,;;;;;550;13.6;;;;6;;;1;1;ADAMEX;5;;;;
LT100001806917;;;;;;;187.70;;683.60;;138.40;;;SK04454;;;;12.11.2021;;12.11.2021;;;;LT02300;;;;16.11.2021;;16.11.2021;;ARTICULATED TRUCK;Tautliner, Curtain;Side, Back,;;;;;800;13.6;;;;24;;;1;1;ADAMEX;45;;;;
LT355849917;;;;;;;69.00;;684.00;;150.30;Kudirkos Naumiesčio;g. 2;LT70420;;;;16.11.2021;;16.11.2021;;;;SK04458;;;;18.11.2021;;18.11.2021;;ARTICULATED TRUCK;Tautliner, Curtain;Side, Back,;;;;;770;13.6;;;;24;;;1;1;ADAMEX;45;;;;
PL5691885698;;;;;;;;;341.50;;87.00;;;SK06901;;;;18.11.2021;;18.11.2021;;;;PL42693;;;;19.11.2021;;19.11.2021;;ARTICULATED TRUCK;Tautliner, Curtain;Side, Back,;;WOOD;;;420;13.6;;;;24;;;1;1;ADAMEX;45;;;;
LT355849917;;;;;;;92.60;;667.60;;;;;PL41707;;;;19.11.2021;;19.11.2021;;;;LT44301;;;;22.11.2021;;22.11.2021;;ARTICULATED TRUCK;Tautliner, Curtain;Side, Back,;;;;;700;13.6;;;;24;;;1;1;ADAMEX;45;;;;
LT100001806917;;;70.70;;;;156.20;;724.20;;258.10;;;LT55500;;;;22.11.2021;;22.11.2021;;;;SK93532;;;;24.11.2021;;24.11.2021;;ARTICULATED TRUCK;Tautliner, Curtain;Side, Back,;;;;;900;13.6;;;;24;;;1;1;ADAMEX;45;;;;
PL5882415874;;;70.20;;;;;;597.90;;248.10;;;SK94701;;;;24.11.2021;;24.11.2021;;;;SK94701;;;;26.11.2021;;26.11.2021;;ARTICULATED TRUCK;Tautliner, Curtain;Side, Back,;;;;;600;13.6;;;;22.5;;;1;1;ADAMEX;45;;;;
HU14976067;;;70.70;;;79.00;;;633.30;;265.60;;;PL16200;;;;26.11.2021;15:00;26.11.2021;15:00;;;HU8093;;;;30.11.2021;;30.11.2021;;ARTICULATED TRUCK;TAUTLINER;Side, Back,;;;;;1200;13.6;;;;24;;;1;1;ADAMEX;60;;;;
;;;70.20;;;;186.10;;791.60;;74.90;August ir ko;Tovarenska 4054/49;SK01841;Dubnica nad Vahom;;;28.10.2021;;28.10.2021;;August ir ko;Meiliakalnio k. 1, Jauniunu sen;LT14242;;;;03.11.2021;;03.11.2021;;ARTICULATED TRUCK;Tautliner, Curtain;Side, Back,;;;;;850;13.6;;;;22;;;1;1;ADAMEX;45;;50000;;
CZ7401073878;;;287.90;;;;197.90;;819.30;;;Gaschema UAB;Jocioniai g. 14;LT02300;Vilnius;;;03.11.2021;;03.11.2021;;;;CZ39701;;;;05.11.2021;;05.11.2021;;ARTICULATED TRUCK;Tautliner, Curtain;Side, Back,;;;;;100;13.6;;;;24;;;1;1;ADAMEX;60;;;;
LT100005878119;;;12.70;;;;299.90;;819.30;;;UAB Aliu durpynas;Girdėnai;LT18276;Švenčionys;;;03.11.2021;;03.11.2021;;AGRO CS a.s;Rikov 265;CZ55203;Ceska Skalice;;;05.11.2021;;05.11.2021;;ARTICULATED TRUCK;Tautliner, Curtain;Side, Back,;;;;;750;13.6;;;;24;;;1;1;ADAMEX;35;;;;
PL8961535841;;;;;;;;;533.00;;;Kamieniarstwo Listwan Kazimierz;Stawowa 9;PL58241;Piława Dolna;;;05.11.2021;;05.11.2021;;;;PL13113;;;;08.11.2021;;08.11.2021;;ARTICULATED TRUCK;Tautliner, Curtain;Side, Back,;;;;;370;13.6;;;;24;;;1;1;ADAMEX;60;;;;
PL5420111134;;;70.70;;;109.80;;;502.00;;265.60;ISOROC Polska Spółka Akcyjna;Leśna 30;PL13100;Nidzica;;;08.11.2021;;08.11.2021;;Csome Kft;Ganz Abraham, u. 1;HU2330;Dunaharaszti;;;10.11.2021;;10.11.2021;;ARTICULATED TRUCK;Tautliner, Curtain;Side, Back,;;;;;1050;13.6;;;;24;;;1;2;ADAMEX;60;;;;
LT100001806917;;;;;;555.10;167.00;;683.60;;153.50;VIVIENVIZ KORLATOLTFELELOSSÉGU TARS;0650/34 hrsz;HU2060;Bicske;;;10.11.2021;;10.11.2021;;Retal Lithuania UAB;Fabriko gatve 14A, Vilniaus apskritis;LT25121 ;Lentvaris;;;15.11.2021;;15.11.2021;;ARTICULATED TRUCK;Tautliner, Curtain;Side, Back,;;PET raw materials;;;1500;13.6;;;;24;;;4;1;ADAMEX;60;;;;
;;;;;;401.50;195.00;;684.00;;156.50;;;LT14207;;;;15.11.2021;;15.11.2021;;;;HU6100;;;;17.11.2021;;17.11.2021;;ARTICULATED TRUCK;Tautliner, Curtain;Side, Back,;;;;;1500;13.6;;;;24;;;2;2;ADAMEX;45;;;;
PL5691885698;;;;;;185.30;;;527.60;;153.50;Horváth Rudolf Intertransport Kft;Robert Bosch út 3.;HU3000;Hatvan;;;18.11.2021;;18.11.2021;;;KOŚCIUSZKI 44;PL06500;MŁAWA;;;21.11.2021;;21.11.2021;;ARTICULATED TRUCK;Tautliner, Curtain;Side, Back,;;TIRES;;;450;13.6;;;;9.5;;;1;1;ADAMEX;60;;;;
LT100001806917;;;70.70;;;105.00;;;409.00;;265.60;;;PL05100;;;;22.11.2021;;22.11.2021;;;;HU1239;;;;24.11.2021;;24.11.2021;;ARTICULATED TRUCK;Tautliner, Curtain;Side, Back,;;household chemicals;;;950;13.6;;;;22;;;1;1;ADAMEX;60;;;;
PL5222349705;;;70.20;;;120.40;;;575.10;;269.20;;;HU2220;;;;24.11.2021;;24.11.2021;;;;PL83100;;;;26.11.2021;;26.11.2021;;ARTICULATED TRUCK;Tautliner, Curtain;Side, Back,;;;;;700;13.6;;;;5;;;1;1;ADAMEX;45;;;1;
LT355849917;;;102.50;;;;;;578.20;;198.60;;;PL82400;;;;26.11.2021;;26.11.2021;;;;SK90025;;;;30.11.2021;;30.11.2021;;ARTICULATED TRUCK;Tautliner, Curtain;Side, Back,;;FERTILIZER;;;900;13.6;;;;24;;;1;1;ADAMEX;45;;;;
PL8971649500;;;231.80;;;202.90;;;;;80.50;;;HU2400;;;;01.12.2021;8:25;01.12.2021;8:25;;;CZ50004;;;;02.12.2021;7:00;02.12.2021;14:00;ARTICULATED TRUCK;Tautliner, Curtain;Side, Back,;;;;;400;13.6;;;;24;;;1;1;ADAMEX;55;;;;
PL6783120981;;;42.70;;;;;;692.20;;;;;CZ51247;;;;02.12.2021;;02.12.2021;15:00;;;PL11040;;;;06.12.2021;;06.12.2021;;ARTICULATED TRUCK;Tautliner, Curtain;Side, Back,;;;;;535;13.6;;;;24;;;1;1;ADAMEX;49;;;;
PL9271282860;;;102.50;;;;;;514.40;;125.50;;;PL12100;;;;13.12.2021;;13.12.2021;;;;SK95641;;;;14.12.2021;;14.12.2021;;ARTICULATED TRUCK;Tautliner, Curtain;Side, Back,;;;;;850;13.6;;;;24;;;1;1;ADAMEX;60;;;;
PL9372706356;;;70.20;;;;;;418.70;;121.90;;;SK97271 ;;;;15.12.2021;7:00;15.12.2021;13:00;;;PL05100;;;;16.12.2021;;16.12.2021;;ARTICULATED TRUCK;Tautliner, Curtain;Side, Back,;;;;;450;13.6;;;;24;;;1;1;ADAMEX;60;;;;
CZ28545401;;;214.30;;;;;;463.00;;;;;PL05804;;;;16.12.2021;8:00;16.12.2021;15:00;;;CZ27201;;;;17.12.2021;7:00;17.12.2021;16:30;Rigid truck, Articulated truck;Curtain;Side, Back,;;;;;800;13.6;;;;20;;;1;1;ADAMEX;60;;;;
LV42103074612;;;225.30;;194.50;;269.90;202.30;818.20;;;;;CZ26101;;;;17.12.2021;;17.12.2021;12:00;;;EE10112;;;;20.12.2021;;20.12.2021;;Rigid truck, Articulated truck;Refrigerator, Curtain;BACK;;;;;2400;13.6;;;;10;;;1;1;ADAMEX;45;;;;
PL9231689207;;;;;347.30;;267.40;202.30;619.80;;;;;EE43299;;;;21.12.2021;7:00;17.12.2021;20:00;;;PL63604;;;;27.12.2021;7:00;27.12.2021;16:00;Rigid truck, Articulated truck;Tautliner, Curtain;Side,;;PLATE;;;799.14;13.6;;;;24;;;1;1;ADAMEX;60;;;;
PL5371474657;;;;;;;;;178.30;;;;;PL63600;;;;28.12.2021;;28.12.2021;;;;PL62021;;;;29.12.2021;;29.12.2021;;Rigid truck, Articulated truck;Curtain;Side, Back,;;canned drinks / beer on pallets;;;163.04;13.6;;;;24;;;1;1;ADAMEX;45;;;;
PL9680933964;;;;;;;;;256.20;;;;;PL62510;;;;29.12.2021;;29.12.2021;;;;PL02495;;;;30.12.2021;;30.12.2021;;Articulated truck;Tautliner, Curtain;Side, Back,;;;;;196;13.6;;;;15.75;;;1;2;ADAMEX;60;;;;
DE302502945;;;289.00;;;;;;;;40.20;;;SK90101;;;;30.11.2021;15:30;30.11.2021;15:30;;;CZ25268;;;;01.12.2021;8:00;01.12.2021;8:00;ARTICULATED TRUCK;Tautliner, Curtain;Side, Back,;;;;;520;13.6;;;;24.38;;;1;1;ADAMEX;30;;;;
SK2022096846;;;303.40;;;152.80;;;;;84.60;;;CZ27711;;;;01.12.2021;6:30;01.12.2021;16:00;;;SK94301;;;;02.12.2021;;02.12.2021;;ARTICULATED TRUCK;Tautliner, Curtain;Side, Back,;;;;;624;13.6;;;;24;;;1;1;ADAMEX;30;;;;
PL5833268410;;;70.20;;;16.90;;;614.80;;269.20;;;HU2942;;;;02.12.2021;12:00;02.12.2021;12:00;;;PL17220;;;;06.12.2021;;06.12.2021;;ARTICULATED TRUCK;Tautliner, Curtain;Side, Back,;;;;;770;13.6;;;;24;;;1;1;ADAMEX;60;;;;
PL5060029240;;;70.20;;;;;;614.80;;255.20;;;PL17220;;;;06.12.2021;;06.12.2021;;;;SK93535;;;;08.12.2021;;08.12.2021;;ARTICULATED TRUCK;Tautliner, Curtain;Side, Back,;;FERTILIZER IN BIG BAGS;;;1050;13.6;;;;24;;;1;1;ADAMEX;60;;;;
ATU57970404;;;70.20;;;;;;660.00;;184.40;;;SK92521;;;;08.12.2021;8:00;08.12.2021;13:00;;;PL10413;;;;10.12.2021;6:00;10.12.2021;22:00;ARTICULATED TRUCK;Tautliner, Curtain;Side, Back,;;;;;650;13.6;;;;24;;;1;1;ADAMEX;45;;;;
PL9271282860;;;102.50;;;;;;514.40;;125.50;;;PL12100;;;;10.12.2021;;10.12.2021;;;;SK95641;;;;14.12.2021;;14.12.2021;;ARTICULATED TRUCK;Tautliner, Curtain;Side, Back,;;;;;850;13.6;;;;24;;;1;1;ADAMEX;60;;;;
PL9372706356;;;70.20;;;;;;418.70;;121.90;;;SK97271 ;;;;14.12.2021;7:00;14.12.2021;13:00;;;PL05100;;;;15.12.2021;;15.12.2021;;ARTICULATED TRUCK;Tautliner, Curtain;Side, Back,;;;;;450;13.6;;;;24;;;1;1;ADAMEX;60;;;;
LT100001806917;;;;;;;83.00;;327.90;;;;;PL05250;;;;15.12.2021;16:00;15.12.2021;23:59;;;LT53030;;;;16.12.2021;6:00;16.12.2021;22:00;Articulated truck;Curtain ;Side, Back,;;;;;600;13.6;;;;21.615;;;1;1;ADAMEX;45;;;;
LT100004917814;;;;;;;83.40;;670.50;;;;;LT53216;;;;17.12.2021;8:00;17.12.2021;22:00;;;PL32005;;;;20.12.2021;0:00;20.12.2021;0:00;Articulated truck;Tautliner, Refrigerator, Isotherm, Curtain;BACK;;Empty bottles;;;350;13.6;;;;24;;;1;1;ADAMEX;30;;;;
PL9482439347;;;39.00;;;;;;152.30;;287.50;;;PL30001;;;;20.12.2021;0:01;20.12.2021;23:00;;;SK94501;;;;21.12.2021;8:00;21.12.2021;12:00;Articulated truck;Tautliner, Curtain;Side, Back, Top;;SHEET, STEEL;;;650;13.6;;;;24;;;1;1;ADAMEX;55;;;;
PL7550008714;;;;;;;;;408.00;;;;;PL47200;;;;23.12.2021;12:00;23.12.2021;18:00;;;PL05170;;;;24.12.2021;;24.12.2021;;Articulated truck;Curtain ;BACK;;;;;237.58;13.6;;;;13;;;1;1;ADAMEX;60;;;;
PL9571045101;;;197.20;;;;;;480.70;;11.20;;;PL07401;;;;03.01.2022;;03.01.2022;;;;SK90701;;;;04.01.2022;;04.01.2022;;ARTICULATED TRUCK;Tautliner, Curtain;Side, Back,;;PAPER;;;650;13.6;;;;24;;;1;1;ADAMEX;55;;;;
PL1230959072;;;38.40;;;;;;641.40;;229.90;;;SK82412;;;;05.01.2022;;05.01.2022;;;;PL14100;;;;10.01.2022;;10.01.2022;;ARTICULATED TRUCK;Tautliner, Curtain;Side, Back,;;;;;800;13.6;;;;24;;;2;2;ADAMEX;30;;;;
PL5342491222;;;39.00;;;119.70;;;525.20;;250.00;;;PL13100;;;;10.01.2022;;10.01.2022;;;;HU9431;;;;12.01.2022;;12.01.2022;;ARTICULATED TRUCK;Tautliner, Curtain;Side, Back,;;;;;991.19;13.6;;;;24;;;1;1;ADAMEX;45;;;;
PL5361925259;;184.70;230.20;;;6.40;;;53.90;;;;;HU9400;;;;12.01.2022;12:00;12.01.2022;12:00;;;PL44100;;;;13.01.2022;;13.01.2022;;ARTICULATED TRUCK;CURTAIN;Side, Back,;;Feed on pallets;;;320;13.6;;;;24.23;;;1;1;ADAMEX;60;;;;
LT263047314;;;;;;;185.60;;632.00;;;;;PL46200;;;;14.01.2022;;14.01.2022;;;;LT14025;;;;17.01.2022;;17.01.2022;;ARTICULATED TRUCK;TAUTLINER;TOP;;STEEL;;;770;13.6;;;;24;;;1;1;ADAMEX;45;;;;
LT100001806917;;;;;;169.90;169.40;;739.70;;156.50;;;LT25121;;;;17.01.2022;;17.01.2022;;;;HU4400;;;;19.01.2022;;19.01.2022;;ARTICULATED TRUCK;Tautliner, Curtain;Side, Back,;;PET raw materials;;;1100;13.6;;;;1.523;;;1;1;ADAMEX;60;;;;
LT100001806917;;;;;;;187.70;;686.00;;133.00;;;SK04454;;;;19.01.2022;14:00;19.01.2022;14:00;;;LT02300;;;;21.01.2022;;21.01.2022;;ARTICULATED TRUCK;TAUTLINER;TOP;;STEEL;;;800;13.6;;;;22.44;;;1;1;ADAMEX;60;;;;
LT100010918815;;;;;;;169.40;;667.80;;;;;LT25121;;;;21.01.2022;;21.01.2022;;;;PL32004;;;;24.01.2022;;24.01.2022;;ARTICULATED TRUCK;Tautliner, Curtain;Side, Back,;;;;;500;13.6;;;;21;;;1;1;ADAMEX;45;;;;
PL5851356886;;;;;178.70;;269.90;202.30;724.70;;;;;PL32800;;;;26.01.2022;12:00;26.01.2022;12:00;;;EE75501;;;;28.01.2022;;28.01.2022;;ARTICULATED TRUCK;Tautliner, Curtain;Side, Back,;;;;;1270;13.6;;;;2.54357;;;1;1;ADAMEX;30;;;;
PL8281384076;;;;;;281.80;;;473.50;;343.40;;;PL07200;;;;03.01.2021;7:00;03.01.2021;7:00;;;HU6000;;;;05.01.2021;;05.01.2021;12:00;Articulated truck;Tautliner, Curtain;Side, Back,;0;;;;1200;13.6;;;;24;;;1;4;ADAMEX;55;;;;
PL7342981074;;;235.40;;;203.50;;;;;80.40;;;HU2400;;;;05.01.2021;;05.01.2021;;;;CZ50004;;;;06.01.2021;;06.01.2021;;Articulated truck;Tautliner, Curtain;Side, Back, Top;;;;;380;13.6;;;;24;;;1;1;ADAMEX;60;;;;
LT100008738715;;;196.90;;;;187.70;;707.00;;;;;CZ57001;;;;07.01.2021;8:00;07.01.2021;14:00;;;LT02300;;;;10.01.2021;;10.01.2021;;Articulated truck;Tautliner, Curtain;Side, Back,;;;;;900;13.6;;;;20;;;1;1;ADAMEX;45;;;;
LT100003124013;;;38.40;;;149.90;;;284.20;;289.00;;;HU2400;;;;12.01.2021;13:30;12.01.2021;13:30;;;PL97225;;;;14.01.2021;;14.01.2021;16:00;Articulated truck;Tautliner, Curtain;Side, Back,;;PAPER;;;420;13.6;;;;24;;;1;1;ADAMEX;60;;;;
LT263047314;;;;;;;191.50;;486.60;;;;;PL26200;;;;14.01.2021;;14.01.2021;;;;LT02300;;;;17.01.2021;;17.01.2021;;Articulated truck;TAUTLINER;Side,;;construction goods;;;600;13.6;;;;24;;;1;1;ADAMEX;45;;;;
LT100009194219;;;39.00;;;;160.40;;724.10;;234.10;;;LT17251;;;;17.01.2021;;17.01.2021;;;;SK97401;;;;18.01.2021;;20.01.2021;;Articulated truck;Tautliner, Curtain;Side, Back,;;;;;950;13.6;;;;23;;;1;1;ADAMEX;45;;;;
PL9950253022;;;;;;;;;113.20;;121.30;;;SK03401;;;;18.01.2021;;18.01.2021;14:30;;;PL40312;;;;19.01.2021;;19.01.2021;;Articulated truck;TAUTLINER;Side, Back, Top;;CRANE ELEMENTS;;;300;13.6;;;;24;;;1;1;ADAMEX;60;;;;
LT100001806917;;;;;;;108.00;;731.90;;;;;PL32650;;;;19.01.2021;;19.01.2021;;;;LT52114;;;;24.01.2021;;24.01.2021;;Articulated truck;Tautliner, Curtain;Side, Back,;;CONTENERS;;;670;13.6;;;;23.408;;;1;1;ADAMEX;60;;;;
LT100002123413;;;191.50;;;;134.30;;702.30;;170.50;;;LT55111;;;;24.01.2021;;24.01.2021;;;;SK94621;;;;26.01.2021;;26.01.2021;;Articulated truck;Tautliner, Curtain;TOP;;;;;1000;13.6;;;;24;;;1;1;ADAMEX;45;;;;
PL6372193748;;;38.40;;;;;;91.20;;171.50;;;SK92028;;;;26.01.2021;;26.01.2021;;;;PL41709;;;;27.01.2021;;27.01.2021;;Articulated truck;Tautliner, Curtain;Side, Back,;;;;;250;13.6;;;;24;;;1;1;ADAMEX;60;;;;
PL7971808429;;;;;;;;;439.50;;;;;PL32566 ;;;;27.01.2021;7:30;27.01.2021;15:00;;;PL06100 ;;;;28.01.2021;;28.01.2021;;Articulated truck;Tautliner, Curtain;Side,;;FERTILIZER;;;315.9;13.6;;;;24;;;1;1;ADAMEX;45;;;;
LT451301917;;;303.90;;77.30;;267.40;202.30;819.30;;;;;EE85004;;;;28.01.2022;;28.01.2022;;;;CZ37401;;;;01.02.2022;;01.02.2022;;ARTICULATED TRUCK;Tautliner, Curtain;Side, Back,;;;;;1250;13.6;;;;24;;;1;1;ADAMEX;30;;;;
PL9482439347;;;349.10;;;;;;54.70;;;;;CZ39111;;;;01.02.2022;;01.02.2022;;;;PL44141;;;;02.02.2022;;02.02.2022;;ARTICULATED TRUCK;Tautliner, Curtain;Side, Back,;;PET'S FOOD;;;300;13.6;;;;21.45;;;1;1;ADAMEX;55;;;;
PL7792202294;;;;;;;289.70;92.60;672.50;;;;;PL41600;;;;02.02.2022;;02.02.2022;;;;LV3851;;;;04.02.2022;;04.02.2022;;ARTICULATED TRUCK;Tautliner, Curtain;Side, Back, Top;;STEEL;;;1050;13.6;;;;24;;;1;1;ADAMEX;45;;;;
PL5862253658;;;;;;;300.50;44.00;333.50;;;;;LV3851;;;;07.02.2022;;07.02.2022;;;;PL13324;;;;07.02.2022;;07.02.2022;;ARTICULATED TRUCK;TAUTLINER;Side, Back,;;WOOD IN BIG BAGS ON PALLETS;;;500;13.6;;;;24;;;1;1;ADAMEX;60;;;;
LT100005503410;;;;;;;202.40;;285.40;;;;;PL11015;;;;09.02.2022;;09.02.2022;;;;LT35101;;;;10.02.2022;;10.02.2022;;ARTICULATED TRUCK;TAUTLINER;Side, Back,;;GRANULES;;;510;13.6;;;;24;;;1;1;ADAMEX;40;;;;
LT332636917;;;;;;;244.20;;686.20;;285.20;;;LT40334;;;;10.02.2022;7:45;10.02.2022;18:00;;;SK98542;;;;14.02.2022;6:00;14.02.2022;13:00;ARTICULATED TRUCK;Tautliner, Curtain;Side, Back,;;;;;1200;13.6;;;;24;;;1;1;ADAMEX;35;;;;
SK2020124535;;;39.00;;;;;;287.00;;210.70;;;SK96096;;;;14.02.2022;7:00;14.02.2022;22:00;;;PL26340;;;;15.02.2022;7:00;15.02.2022;16:00;ARTICULATED TRUCK;Tautliner, Curtain;Side, Back,;;WOOD ON PALLETS;;;310;13.6;;;;24;;;1;1;ADAMEX;50;;;;
PL8862937424;;;241.30;;;;;;258.20;;42.80;;;PL97225;;;;15.02.2022;8:00;15.02.2022;21:00;;;SK90055;;;;16.02.2022;8:00;16.02.2022;15:00;ARTICULATED TRUCK;Tautliner, Curtain;Side, Back,;;BUILDING MATERIALS ON PALLETS;;;630;13.6;;;;24;;;1;1;ADAMEX;55;;;;
ATU15379800;;;222.70;;;;;;;;42.60;;;SK90055;;;;16.02.2022;6:00;16.02.2022;15:00;;;CZ53009;;;;17.02.2022;;17.02.2022;;ARTICULATED TRUCK;Box, Jumbo, Refrigerator, Curtain ;Side, Back,;;FURNITURE PARTS;;;330;13.6;;;;15;;;1;2;ADAMEX;60;;;;
EE101403098;;;75.30;;194.20;;269.90;202.30;818.20;;;;;CZ53301;;;;17.02.2022;;17.02.2022;;;;EE75306;;;;22.02.2022;;22.02.2022;;ARTICULATED TRUCK;Tautliner, Curtain;Side, Back,;;;;;1350;13.6;;;;24;;;1;1;ADAMEX;35;MAIL;;;
EE100836598;;;;;201.20;;267.40;202.30;740.40;;;;;EE46107;;;;22.02.2022;;22.02.2022;;;;PL59230;;;;24.02.2022;;24.02.2022;;ARTICULATED TRUCK;Tautliner, Curtain;Side, Back,;;;;;780;13.6;;;;24;;;1;1;ADAMEX;45;MAIL;;;
LV40103183374;;;;;;;269.90;99.40;715.40;;;;;PL55080;;;;24.02.2022;;24.02.2022;;;;LV1024;;;;28.02.2022;;28.02.2022;;ARTICULATED TRUCK;Tautliner, Curtain;Side, Back,;;;;;970;13.6;;;;6;;;1;1;ADAMEX;45;POST;;;
;;;;;;;269.90;90.70;326.60;;;;;PL06430;;;;14.02.2021;;14.02.2021;;;;LV2130;;;;15.02.2021;;15.02.2021;;Articulated truck;Tautliner, Curtain;BACK;;;;;720;13.2;;;;5;;;1;1;ADAMEX;45;;;;
LV40103190484;;;267.40;;;;;85.90;666.40;;;;;LV1035;;;;15.02.2021;12:00;15.02.2021;15:30;;;PL33100;;;;16.02.2021;7:00;16.02.2021;12:00;Articulated truck;Tautliner, Curtain;TOP;;STEEL;;;750;13.6;;;;24;;;1;1;ADAMEX;35;;;;
LT100001806917;;;;;;;202.10;;712.40;;;;;PL34650;;;;18.02.2021;8:00;18.02.2021;16:00;;;LT02121;;;;21.02.2021;;21.02.2021;;Articulated truck;Tautliner;Side, Back,;;;;;820;13.6;;;;24;;;1;1;ADAMEX;60;MAIL;;;
LT100006985910;;;63.70;;;;186.60;;707.20;;;;;LT02300;;;;22.02.2021;;22.02.2021;;;;CZ74221;;;;23.02.2021;;23.02.2021;;Articulated truck;Tautliner;Side, Back,;;STEEL;;;690;13.6;;;;24;;;1;1;ADAMEX;35;POST;;;
CZ27704891;;;413.00;;;;;;;;;;;CZ70702;;;;23.02.2021;;23.02.2021;;;;CZ26101;;;;24.02.2021;;24.02.2021;;Articulated truck;Curtain;TOP;;STEEL;;;500;13.6;;;;25;;;1;1;ADAMEX;60;POST;;;
CZ27573672;;;285.80;;;;72.50;;818.20;;;;;CZ37842;;;;25.02.2021;11:00;25.02.2021;14:00;;;LT62175;;;;28.02.2021;8:00;28.02.2021;13:00;Articulated truck;Tautliner;Side, Back,;;TEXTILL ROLLS;;;950;13.6;;;;11.5;;;1;1;ADAMEX;45;POST;;;
CZ25365860;;;450.10;;;;;;136.50;;;;;CZ70200;Ostrava;;;28.03.2021;;31.03.2021;;;;CZ36301;;;;01.04.2021;;01.04.2021;;Articulated truck;Curtain;Side, Back,;;;;;800;13.6;;;;24;;;1;1;TIMO;;;;;23.03.2022 11:25:21
SK1038952717;;;262.60;;238.50;;268.00;202.30;761.50;;81.80;;;CZ69002;Břeclav;;;29.03.2021;8:00;29.03.2021;8:00;;;EE74610;Kuusalu;;;30.03.2021;8:00;30.03.2021;8:00;Articulated truck;Tipper;TOP;;;;;1800;13.6;;;;24;;;1;1;TIMO;14;;;;
HU11167734;144925;;342.90;;;437.40;;;;;80.50;;;CZ41201;Litoměřice;;;31.03.2021;7:30;31.03.2021;14:00;;;HU4030;Debrecen;;;01.04.2021;;01.04.2021;;Rigid truck, Articulated truck;Curtain;Side, Back,;;;;;1000;13.6;;;;23.7;;;1;1;TIMO;;;;;25.03.2022 08:05:23
DE272669000;282775;;381.00;626.20;;385.30;;;;;80.50;;;DE26826;Weener;;;28.03.2021;7:00;28.03.2021;20:00;;;HU7636;Pecs;;;30.03.2021;8:00;30.03.2021;15:00;Rigid truck, Articulated truck;Curtain;Side, Back,;;;;;1650;13.6;;;;24;;;1;1;TIMO;;;;;25.03.2022 15:03:13
DE813322555;23432;;;628.40;;;;;;1417.00;;;;DE41844;Wegberg;;;31.03.2021;8:00;31.03.2021;;;;SE93136;;;;04.04.2022;8:00;04.04.2022;13:00;Rigid truck;Curtain;TOP;;machinery and parts;;;4300;13.6;;;;24;;-384.83;1;1;TIMO;;;;;25.03.2022 16:08:41
CZ25349406;67233;329.70;6.70;148.60;;426.90;;;;;;;;HU4026;Debrecen;;;30.03.2022;8:00;30.03.2022;13:00;;;CZ34401;;;;31.03.2022;8:00;31.03.2022;14:00;Rigid truck, Articulated truck;Curtain;Side, Back,;;;;;830;13.6;;;;8;;;1;1;TIMO;;;;;25.03.2022 08:03:49
ATU68155809;242460;144.70;366.70;547.50;;249.50;;;;;;;;HU7400;Kaposvar;;;29.03.2022;;30.03.2022;;;;DE26122;;;;31.03.2022;;01.04.2022;;Rigid truck, Articulated truck;Curtain;Side, Back,;34;;;;1450;13.6;;;;24;;;1;1;TIMO;;;;;
;112728;;;;;536.30;;;;;;;;HU9700;Szombathely;;;25.03.2022;;28.03.2022;;;;HU4800;;;;28.03.2022;;29.03.2022;;Articulated truck;Curtain;Side, Back,;;;;;384.83;13.6;;;;24;;;1;1;TIMO;;;;;24.03.2022 08:11:05
PL7831682017;309435;187.40;253.70;;;16.20;;;547.50;;;;;HU9721;Gencsapáti;;;26.03.2022;;26.03.2022;;;;PL95006;Czarnocin;;;28.03.2022;;28.03.2022;;Articulated truck;Curtain;Side, Back,;;;;;600;13.6;;;;24;;;1;1;TIMO;;;;;25.03.2022 14:56:59
LT100002147314;320991;;354.40;327.60;;;288.60;;844.30;;;;;LT30240;Kazitiškis;;;24.03.2022;;28.03.2022;;;;DE87474;Buchenberg;;;28.03.2022;;30.03.2021;;Rigid truck, Articulated truck;Tautliner, Curtain;Side, Back,;;;;;1900;13.6;;;;24;;;1;1;TIMO;;;;;24.03.2022 14:52:24
HU14211461;363356;;;;;274.10;;;629.60;;156.50;;;PL16100;Sokolka;;;25.03.2022;;31.03.2022;;;;HU6060;Tiszakécske;;;27.03.2022;;04.04.2022;;Rigid truck, Articulated truck;Curtain;TOP;;;;;1400;13.6;;;;24;;;1;1;TIMO;;;;;25.03.2022 09:36:10
CZ9204113699;336568;;61.20;460.80;;;;;;1017.30;;;;SE85232;Sundsvall;;;28.03.2022;;07.04.2022;;;;CZ40502;Děčín;;;31.03.2022;;12.04.2022;;Rigid truck, Articulated truck;Curtain;Side, Back,;;;;;1400;13.6;;;;24;;-384.83;1;1;TIMO;;;;;25.03.2022 13:56:31
LT100009574613;397098;;;309.50;;;;;;1159.30;;;;SE93531;Norsjö;;;28.03.2022;;31.03.2022;;;;DE49134;Wallenhorst;;;28.03.2022;;31.03.2022;;Rigid truck, Articulated truck;Tautliner, Curtain;Side, Back,;;;;;1850;13.6;;;;24;;-776.5;1;1;TIMO;;;;;25.03.2022 09:18:56
SK2120128318;;;;;;430.80;;;;;100.90;;;SK08501;Bardejov;;;29.03.2022;;30.03.2022;;;;HU8492;Kerta;;;30.03.2022;;31.03.2022;;Rigid truck, Articulated truck;Tautliner, Curtain;Side, Back,;;;;;850;13.6;;;;24;;;1;1;TIMO;;;;;28.03.2022 09:02:22
LT100006332114;207099;;197.90;;;;;;590.30;93.80;32.30;;;SK90501;Senica;;;30.03.2022;;31.03.2022;;;;SE19561;Arlandastad;;;04.04.2022;;05.04.2022;;Rigid truck, Articulated truck;Curtain;Side, Back,;;;;;2150;13.6;;;;24;;;1;1;TIMO;;;;;28.03.2022 09:24:20
LT100006332114;207099;;;;214.10;;269.90;202.30;762.20;;377.30;;;SK96501;Ladomerská Vieska;;;30.03.2022;;30.03.2022;;;;EE74117;Maardu;;;04.04.2022;;04.04.2022;;Rigid truck, Articulated truck;Jumbo, Mega, Refrigerator, Curtain;Side, Back,;;;;;1400;13.6;;;;24;;;1;1;TIMO;;;;;24.03.2022 07:07:29
SK2023699128;251166;324.70;;503.60;;;;;;;334.60;;;SK04918;Göllheim;;;29.03.2022;;31.03.2022;;;;DE67307;Göllheim;;;31.03.2022;;04.04.2022;;Rigid truck, Articulated truck;Curtain;Side, Back,;;;;;1500;13.6;;;;24;;;1;1;TIMO;;;;;28.03.2022 11:47:44
LT100006332114;207099;;;;139.30;;;;;442.30;;;;SE53530;Kvänum;;;28.03.2022;;30.03.2022;;;;EE88311;Pärnu;;;30.03.2022;;30.03.2022;;Rigid truck, Articulated truck;Tautliner, Curtain;Side, Back,;;;;;600;13.6;;;;25.7;;-570.97;1;1;TIMO;;;;;28.03.2022 12:23:17
LT100009223014;388871;183.80;331.30;470.60;;11.60;;;;927.70;;;;SE82531;;;;28.03.2022;;01.04.2022;;;;HU9400;;;;31.03.2022;;07.04.2022;;Rigid truck, Articulated truck;Tautliner, Mega, Curtain;Side, Back,;;;;;2000;13.6;;;;24;;-384.83;1;1;TIMO;;;;;28.03.2022 08:57:44
SE556777585201;385903;;;;;;299.10;;;354.00;;;;SE60228;Norrköping;;;29.03.2022;;31.03.2022;;;;LT02248;Vilnius (Paneriai);;;31.03.2022;;31.03.2022;;Rigid truck, Articulated truck;Curtain;Side, Back,;;;;;600;13.6;;;;24;Waste carrier licence;;1;1;TIMO;;;;;29.03.2022 13:58:43
SK2120389568;319894;;191.50;;;;;;590.60;58.20;110.40;;;SE11153;;;;28.03.2022;;01.04.2022;;;;SK90301;;;;01.04.2022;;03.04.2022;;Rigid truck, Articulated truck;Curtain;Side, Back,;;;;;2200;13.6;;;;24;Waste carrier licence;-840.09;1;1;TIMO;;;;;25.03.2022 08:32:27
LV40103720641;382809;;;;204.20;;;140.50;;514.60;;;;SE84694;;;;29.03.2022;;01.04.2022;;;;LV2150;;;;01.04.2022;;04.04.2022;;Rigid truck, Articulated truck;Curtain;Side, Back,;;;;;750;13.6;;;;24;;-662.07;1;1;TIMO;;;;;29.03.2022 16:52:12
LV40103190484;310207;;;503.90;;;289.40;154.30;811.00;;;;;LV5725;;;;01.04.2022;;05.04.2022;;;;DE59269;;;;05.04.2022;;09.04.2022;;Articulated truck;Tautliner, Curtain;Side,;;;;;1700;13.6;;;;24;;;1;1;TIMO;;;;;31.03.2022 14:08:35
EE101923620;317269;;;;204.30;;;119.00;;;;;;LV1050;Riga;;;01.04.2022;;08.04.2022;;;;EE76806;Lääne-Harju vald (Paldiski);;;02.04.2022;;09.04.2022;;Rigid truck, Articulated truck;Tautliner, Mega, Curtain;Side, Back,;;;;;340;13.6;;;;24;;;1;1;TIMO;;;;;01.04.2022 12:40:32
LV40103190484;310207;;;;;368.10;322.50;42.90;762.10;;288.40;;;LV3003;;;;01.04.2022;8:00;08.04.2022;15:00;;;HU6237;;;;05.04.2022;;13.04.2022;;Articulated truck;Tautliner, Curtain;Side, Back,;;peat on pallets;;;1750;13.6;;;;24;;;1;1;TIMO;;;;;01.04.2022 12:57:35
LV40003996558;394578;;;;;;;194.00;;58.80;;;;LV1007;;;;31.03.2022;;01.04.2022;;;;SE11153;;;;01.04.2022;;02.04.2022;;Rigid truck, Articulated truck;Curtain;Side, Back,;;;;;1700;13.6;;;;24;;-796.12;1;1;TIMO;;;;;31.03.2022 12:44:01
LT355849917;;;;;;;205.90;117.30;;;;;;LV5041;;;;01.04.2022;;01.04.2022;;;;LT91100;;;;02.04.2022;;02.04.2022;;Articulated truck;Tautliner, Curtain;Side, Back,;;;;;260;13.6;;;;24;;;1;1;TRANS;;;;;01.04.2022 08:41:00
LT100009574613;;;;;;;289.40;118.50;762.10;;271.20;;;LV4650;;;;01.04.2022;;01.04.2022;;;;SK98542;;;;08.04.2022;;08.04.2022;;Rigid truck, Articulated truck;Tautliner, Curtain;Side, Back,;;;;;1150;13.6;;;;24;;;1;1;TRANS;;;;;01.04.2022 12:32:00
;278358;;;;;;;20.70;;;;;;LV3002;;;;01.04.2022;;01.04.2022;;;;LV2127;;;;01.04.2022;;01.04.2022;;Articulated truck;Tautliner, Refrigerator, Curtain ;Side, Back,;;;;;200;13.6;;;;24;;;1;1;TIMO;;;;;
LT100005170018;225990;;;;196.60;;215.60;202.30;;;;;;LT56161;;;;04.04.2022;;04.04.2022;;;;EE75326;;;;05.04.2022;;05.04.2022;;Rigid truck, Articulated truck;Tautliner, Curtain;Side, Back,;;;;;800;13.6;;;;25;;;1;1;TIMO;;;;;04.04.2022 08:20:36
LT100007663018;403118;;;;;;211.50;86.30;;;;;;LT26109;;;;04.04.2022;;06.04.2022;;;;LV1050;;;;05.04.2022;;07.04.2022;;Rigid truck, Articulated truck;Curtain;Side, Back,;;;;;350;13.6;;;;24;;;1;1;TIMO;;;;;04.04.2022 13:43:28
LT100013698316;405668;;;;;;187.50;;;;;;;LT57158;;;;05.04.2022;;07.04.2022;;;;LT89132;;;;06.04.2022;;08.04.2022;;Rigid truck, Articulated truck;Curtain;Side, Back,;;;;;270;13.6;;;;24;;;1;1;TIMO;;;;;01.04.2022 12:56:46
LT100002786510;214793;;;;;;116.30;;;415.20;;;;LT89139;;;;06.04.2022;;06.04.2022;;;;SE45533;;;;08.04.2022;;08.04.2022;;Rigid truck, Articulated truck;Curtain;Side, Back,;;;;;1700;13.6;;;;24;;-898.71;1;1;TIMO;;;;;04.04.2022 14:51:32
PL584031823;393;;380.50;471.10;;133.40;;;;558.80;80.40;;;HU8200;;;;06.04.2022;;06.04.2022;;;;SE64237;;;;11.04.2022;;11.04.2022;;Rigid truck, Articulated truck;Refrigerator;Side, Back,;;ICE CREAM;-25;-18;2500;13.6;;;;20;;-420.26;1;1;TIMO;;;;;04.04.2022 08:52:53
SK2021917447;175288;;;;;308.30;;;;;123.60;;;HU4541;;;;06.04.2022;;06.04.2022;;;;SK92562;;;;07.04.2022;;07.04.2022;;Rigid truck, Articulated truck;Curtain;Side, Back,;;;;;420;13.6;;;;24;;;1;1;TIMO;;;;;01.04.2022 13:23:11
EE101923620;317269;;;593.20;64.40;;267.40;202.30;854.50;;;;;EE10148;;;;05.04.2022;;07.04.2022;;;;DE55116;;;;09.04.2022;;11.04.2022;;Rigid truck, Articulated truck;Tautliner, Mega, Curtain;Side, Back,;;;;;2000;13.6;;;;24;;;1;1;TIMO;;;;;05.04.2022 09:24:26
LT100001806917;4716;;240.30;;72.10;139.20;267.40;282.30;721.00;;80.50;;;EE66628;;;;05.04.2022;0:00;05.04.2022;23:59;;;HU9400;;;;08.04.2022;0:00;08.04.2022;23:59;Articulated truck;Curtain;Side, Back,;;;;;1700;13.6;;;;24;;;1;1;TIMO;;;;;05.04.2022 09:32:39
EE101047069;82500;;;;222.90;;;;;;;;;EE11415;;;;05.04.2022;;05.04.2022;;;;EE92001;;;;05.04.2022;;06.04.2022;;Rigid truck, Articulated truck;Curtain;Side, Back,;;;;;250;13.6;;;;24;;-18;3;1;TIMO;;;;;05.04.2022 07:38:18
EE100413115;365225;;;358.00;227.90;;269.90;202.30;854.00;;;;;DE98701;;;;11.04.2022;;15.04.2022;;;;EE10148;;;;18.04.2022;;22.04.2022;;Rigid truck, Articulated truck;Tautliner, Mega, Curtain;Side, Back,;;;;;1950;13.6;;;;22;;;1;1;TIMO;;;;;04.04.2022 16:02:24
LV40203047557;342853;;;584.60;;;269.90;88.40;810.60;;;;;DE58256;;;;12.04.2022;;15.04.2022;;;;LV1012;;;;15.04.2022;;18.04.2022;;Rigid truck, Articulated truck;Jumbo, Curtain;Side, Back,;;;;;1700;13.6;120;;;20;;;1;1;TIMO;;;;;05.04.2022 12:57:25
LT100009552219;;;;;;16.90;269.90;86.70;802.70;;263.90;;;HU3600;;;;07.04.2022;;07.04.2022;;;;LV1001;;;;12.04.2022;;12.04.2022;;Rigid truck, Articulated truck;Tautliner, Curtain;Side, Back,;;;;;1300;13.6;;;;24;;;1;1;TRANS;45;;;;
PL8732942071;;;;;190.20;219.70;269.90;202.30;762.20;;321.90;;;HU2367;;;;06.04.2022;;06.04.2022;;;;EE11312;;;;12.04.2022;;12.04.2022;;Articulated truck;Tautliner, Mega, Curtain;Side, Back,;;;;;1700;13.6;;;;5;;;1;1;TRANS;45;;;;
PL1132872513;;;;;85.70;;267.40;251.00;762.10;;309.00;;;EE50103;;;;06.04.2022;;06.04.2022;;;;SK92901;;;;07.04.2022;;07.04.2022;;Articulated truck;Tautliner, Mega, Curtain;Side, Back,;;MINERAL WOOL;;;1200;13.6;;;;10;;;1;1;TRANS;45;;;;
LT355849917;;;;;85.70;;;52.40;;;;;;EE50103;;;;06.04.2022;;06.04.2022;;;;LV4201;;;;07.04.2022;;07.04.2022;;Rigid truck, Articulated truck;Tautliner;Side, Back,;;;;;180;13.6;;;;24;;;1;1;TRANS;45;;;;
LT400390515;;;;;193.60;;205.90;210.90;;;;;;EE10001;;;;07.04.2022;;07.04.2022;;;;LT91100;;;;08.04.2022;;08.04.2022;;Rigid truck, Articulated truck;Curtain;Side, Back,;;;;;370;13.6;;;;24;;;1;1;TRANS;45;;;;
EE101024260;;;;;257.40;;;;;616.40;;;;EE20303;;;;07.04.2022;;07.04.2022;;;;SE28933;;;;08.04.2022;;08.04.2022;;Articulated truck;Tautliner, Mega, Curtain;Side, Back,;;FURNITURE;;;1680;13.6;;;;10;;;1;1;TRANS;35;;;;
